name,datetime,tempmax,tempmin,temp,feelslikemax,feelslikemin,feelslike,dew,humidity,precip,precipprob,precipcover,preciptype,snow,snowdepth,windgust,windspeed,winddir,sealevelpressure,cloudcover,visibility,solarradiation,solarenergy,uvindex,severerisk,sunrise,sunset,moonphase,conditions,description,icon,stations
Malaysia,2025-01-01,92.8,75.2,83.3,104.9,75.2,88.9,74.7,77.1,0,0,0,rain,0,0,11.4,10.5,291.5,1009.5,39.6,5.9,158.5,13.7,6,30,2025-01-01T07:18:33,2025-01-01T19:15:07,0.04,Partially cloudy,Partly cloudy throughout the day.,partly-cloudy-day,"48647099999,48650099999,WMSA,MYI0000WMKK,WMKK,MYI0000WMSA"
Malaysia,2025-01-02,92.9,78.6,84.9,102.6,78.6,91.9,74.8,73.3,0,0,0,rain,0,0,11.9,8.6,309.9,1009,40.7,6.2,202,17.6,7,30,2025-01-02T07:19:00,2025-01-02T19:15:36,0.08,Partially cloudy,Partly cloudy throughout the day.,partly-cloudy-day,"48647099999,48650099999,WMSA,MYI0000WMKK,MYI0000WMSA,WMKK"
Malaysia,2025-01-03,90.8,77.5,81,102.2,77.5,85.4,75.6,84.1,0.234,100,4.17,rain,0,0,16.1,8.3,211.3,1009.7,42.3,5.9,184.3,15.9,6,30,2025-01-03T07:19:27,2025-01-03T19:16:05,0.12,"Rain, Partially cloudy",Partly cloudy throughout the day with afternoon rain.,rain,"48647099999,48650099999,WMSA,MYI0000WMKK,MYI0000WMSA,WMKK"
Malaysia,2025-01-04,88,77,80.1,97.8,77,83.4,75.9,87.7,1.204,100,4.17,rain,0,0,16.1,5.7,248.7,1009.7,42.3,5.5,178.8,15.2,8,30,2025-01-04T07:19:52,2025-01-04T19:16:34,0.15,"Rain, Partially cloudy",Partly cloudy throughout the day with morning rain.,rain,"48647099999,48650099999,WMSA,MYI0000WMKK,MYI0000WMSA,WMKK"
Malaysia,2025-01-05,91.4,75.4,82,100.9,75.4,86.1,75,81,0.508,100,4.17,rain,0,0,14.1,7.5,302.3,1009.7,41.3,5.6,230.9,20.2,9,60,2025-01-05T07:20:18,2025-01-05T19:17:03,0.19,"Rain, Partially cloudy",Partly cloudy throughout the day with morning rain.,rain,"48647099999,48650099999,WMSA,MYI0000WMKK,MYI0000WMSA,WMKK"
Malaysia,2025-01-06,93.2,78.7,83.2,102.9,78.7,87.4,74.9,77.8,0.348,100,4.17,rain,0,0,19.5,6.6,286.8,1009.7,41,6,219.8,19.1,8,30,2025-01-06T07:20:43,2025-01-06T19:17:31,0.22,"Rain, Partially cloudy",Partly cloudy throughout the day with early morning rain.,rain,"48647099999,48650099999,WMSA,MYI0000WMKK,MYI0000WMSA,WMKK"
Malaysia,2025-01-07,90.3,76.8,80.8,101.5,76.8,84.4,75.5,84.6,0.398,100,8.33,rain,0,0,16.6,7.6,255.1,1010.6,42.7,6,144,12.5,6,10,2025-01-07T07:21:07,2025-01-07T19:17:59,0.25,"Rain, Partially cloudy",Partly cloudy throughout the day with rain clearing later.,rain,"48647099999,48650099999,WMSA,MYI0000WMKK,MYI0000WMSA,WMKK"
Malaysia,2025-01-08,92.8,77.1,82.7,104.7,77.1,87.8,75.5,80.1,0.371,100,4.17,rain,0,0,13.6,9.6,269.3,1010,40.9,6.2,224.3,19.2,8,60,2025-01-08T07:21:31,2025-01-08T19:18:26,0.29,"Rain, Partially cloudy",Partly cloudy throughout the day with morning rain.,rain,"48647099999,48650099999,WMSA,MYI0000WMKK,MYI0000WMSA,WMKK"
Malaysia,2025-01-09,94.6,77.2,84,102.3,77.2,88.7,74.1,74.6,0,0,0,rain,0,0,14.3,8.4,286.2,1010.7,40.5,6,250.6,21.7,9,30,2025-01-09T07:21:54,2025-01-09T19:18:53,0.33,Partially cloudy,Partly cloudy throughout the day.,partly-cloudy-day,"48647099999,48650099999,WMSA,MYI0000WMKK,MYI0000WMSA,WMKK"
Malaysia,2025-01-10,87.5,76.6,80.3,94.4,76.6,83.5,73.7,81,0,0,0,rain,0,0,16.6,6.2,5.9,1011.8,40,6,128.1,11.1,6,10,2025-01-10T07:22:16,2025-01-10T19:19:19,0.37,Partially cloudy,Partly cloudy throughout the day.,partly-cloudy-day,"48647099999,48650099999,WMSA,MYI0000WMKK,MYI0000WMSA,WMKK"
Malaysia,2025-01-11,83.8,74.9,78.2,89.1,74.9,79.7,72.2,82.5,0.242,100,8.33,rain,0,0,22.4,6.2,324.5,1012.5,41.4,5.9,104.9,9,5,10,2025-01-11T07:22:38,2025-01-11T19:19:45,0.4,"Rain, Partially cloudy",Partly cloudy throughout the day with rain.,rain,"48647099999,48650099999,WMSA,MYI0000WMKK,MYI0000WMSA,WMKK"
Malaysia,2025-01-12,86,76.8,80.6,91.8,76.8,83,72.1,76.3,0.003,100,4.17,rain,0,0,29.8,9,15.5,1011,40.8,6.2,90.5,7.8,4,10,2025-01-12T07:22:59,2025-01-12T19:20:11,0.44,"Rain, Partially cloudy",Partly cloudy throughout the day with late afternoon rain.,rain,"48647099999,48650099999,WMSA,MYI0000WMKK,MYI0000WMSA,WMKK"
Malaysia,2025-01-13,89.6,78.5,83,96.2,78.5,86.1,71.3,68.8,0,0,0,rain,0,0,19.7,5.9,355.3,1010.1,40.7,6.2,126.4,10.9,5,10,2025-01-13T07:23:19,2025-01-13T19:20:36,0.47,Partially cloudy,Partly cloudy throughout the day.,partly-cloudy-day,"48647099999,48650099999,WMSA,MYI0000WMKK,MYI0000WMSA,WMKK"
Malaysia,2025-01-14,91.2,75.3,81.7,98.6,75.3,85.6,73.8,78.3,0,0,0,rain,0,0,20.4,10.7,248.5,1010.4,44,5.8,198.4,17,8,30,2025-01-14T07:23:39,2025-01-14T19:21:01,0.5,Partially cloudy,Partly cloudy throughout the day.,partly-cloudy-day,"48647099999,48650099999,WMSA,MYI0000WMKK,MYI0000WMSA,WMKK"
Malaysia,2025-01-15,89.2,75.2,80.1,99.2,75.2,83.3,74.8,85,2.054,100,4.17,rain,0,0,16.3,11.7,257.3,1010.4,43,5.6,206.4,17.8,8,30,2025-01-15T07:23:58,2025-01-15T19:21:25,0.54,"Rain, Partially cloudy",Partly cloudy throughout the day with morning rain.,rain,"48647099999,48650099999,WMSA,MYI0000WMKK,MYI0000WMSA,WMKK"
Malaysia,2025-01-16,88,75.2,80.3,101.9,75.2,84.8,75.8,87,0.864,100,8.33,rain,0,0,21.9,10.7,334.3,1010.1,43.5,5.7,171.2,14.7,6,30,2025-01-16T07:24:16,2025-01-16T19:21:48,0.57,"Rain, Partially cloudy",Partly cloudy throughout the day with rain.,rain,"48647099999,48650099999,WMSA,MYI0000WMKK,MYI0000WMSA,WMKK"
Malaysia,2025-01-17,88,75,81,95.8,75,83.8,72.5,76.3,0.021,100,4.17,rain,0,0,25.9,6.8,82.3,1009.7,40.7,6.1,187.3,16.1,8,10,2025-01-17T07:24:34,2025-01-17T19:22:11,0.6,"Rain, Partially cloudy",Partly cloudy throughout the day with early morning rain.,rain,"48647099999,48650099999,WMSA,MYI0000WMKK,MYI0000WMSA,WMKK"
Malaysia,2025-01-18,86,77,80.5,95.3,77,83.6,74.8,83.4,0.139,100,4.17,rain,0,0,19.2,9,304.9,1009.6,42.5,6.1,148.1,12.8,6,30,2025-01-18T07:24:50,2025-01-18T19:22:33,0.64,"Rain, Partially cloudy",Partly cloudy throughout the day with morning rain.,rain,"48647099999,48650099999,WMSA,MYI0000WMKK,MYI0000WMSA,WMKK"
Malaysia,2025-01-19,87.8,76.7,80.8,95.4,76.7,84.9,75.2,84.4,0.037,100,4.17,rain,0,0,18.8,5.5,298.4,1009,42.5,6.1,148.8,12.8,5,30,2025-01-19T07:25:06,2025-01-19T19:22:54,0.67,"Rain, Partially cloudy",Partly cloudy throughout the day with early morning rain.,rain,"48647099999,48650099999,WMSA,MYI0000WMKK,MYI0000WMSA,WMKK"
Malaysia,2025-01-20,91.1,76.9,82.3,98.6,76.9,86.6,74.4,78.6,0.002,100,4.17,rain,0,0,15,7.4,281,1008.5,39.9,5.9,172.5,14.7,7,10,2025-01-20T07:25:21,2025-01-20T19:23:15,0.7,"Rain, Partially cloudy",Partly cloudy throughout the day with early morning rain.,rain,"48647099999,48650099999,WMSA,MYI0000WMKK,MYI0000WMSA,WMKK"
Malaysia,2025-01-21,89.6,77,82.1,96.4,77,86,74.1,78.3,0,0,0,rain,0,0,11.2,6.3,244.4,1008.8,40.2,6.1,192,16.5,8,10,2025-01-21T07:25:35,2025-01-21T19:23:35,0.73,Partially cloudy,Partly cloudy throughout the day.,partly-cloudy-day,"48647099999,48650099999,WMSA,MYI0000WMKK,MYI0000WMSA,WMKK"
Malaysia,2025-01-22,89.8,77,82.7,98.5,77,87.7,74.9,78.5,0,0,0,rain,0,0,13.9,7.7,300.9,1009.2,40.1,5.8,194.5,16.8,8,30,2025-01-22T07:25:49,2025-01-22T19:23:55,0.75,Partially cloudy,Partly cloudy throughout the day.,partly-cloudy-day,"48647099999,48650099999,WMSA,MYI0000WMKK,MYI0000WMSA,WMKK"
Malaysia,2025-01-23,91.1,76.9,83.1,101.8,76.9,89,74.7,76.8,0.067,100,20.83,rain,0,0,16.8,8.6,233.8,1009.1,33.9,6,208.9,18,8,60,2025-01-23T07:26:01,2025-01-23T19:24:14,0.8,"Rain, Partially cloudy",Partly cloudy throughout the day with rain.,rain,"48647099999,48650099999,WMSA,MYI0000WMKK,MYI0000WMSA,WMKK"
Malaysia,2025-01-24,87.9,75.4,81.3,97.8,75.4,86.9,75.7,83.7,0,0,0,rain,0,0,20.8,9.4,312.3,1008.8,40.4,5.4,144.7,12.5,6,30,2025-01-24T07:26:13,2025-01-24T19:24:32,0.83,Partially cloudy,Partly cloudy throughout the day.,partly-cloudy-day,"48647099999,48650099999,WMSA,MYI0000WMKK,MYI0000WMSA,WMKK"
Malaysia,2025-01-25,89.5,75.7,81.1,98.4,75.7,85.6,75.3,83.7,2.605,100,4.17,rain,0,0,14.8,7.5,263.2,1008.8,41.5,6.2,190.4,16.3,7,60,2025-01-25T07:26:24,2025-01-25T19:24:49,0.86,"Rain, Partially cloudy",Partly cloudy throughout the day with morning rain.,rain,"48647099999,48650099999,WMSA,MYI0000WMKK,MYI0000WMSA,WMKK"
Malaysia,2025-01-26,86.3,76.8,80.5,95.6,76.8,84.5,75.2,84.4,0.194,100,8.33,rain,0,0,14.8,7.5,341.9,1009.1,41.9,5.7,154.3,13.4,6,30,2025-01-26T07:26:34,2025-01-26T19:25:06,0.89,"Rain, Partially cloudy",Partly cloudy throughout the day with rain in the morning and afternoon.,rain,"48647099999,48650099999,WMSA,MYI0000WMKK,MYI0000WMSA,WMKK"
Malaysia,2025-01-27,91,75.2,80.5,101.4,75.2,83.2,75,84.3,0,0,0,rain,0,0,15.2,10.6,274.8,1008.5,41.1,6.1,165.2,14.3,7,30,2025-01-27T07:26:43,2025-01-27T19:25:22,0.92,Partially cloudy,Partly cloudy throughout the day.,partly-cloudy-day,"48647099999,48650099999,WMSA,MYI0000WMKK,MYI0000WMSA,WMKK"
Malaysia,2025-01-28,82.2,75.2,77.9,88,75.2,78.9,72.6,84,0.187,100,16.67,rain,0,0,21.7,5.7,136.9,1011.5,41.6,5.9,120.7,10.3,6,10,2025-01-28T07:26:51,2025-01-28T19:25:37,0.96,"Rain, Partially cloudy",Partly cloudy throughout the day with a chance of rain throughout the day.,rain,"48647099999,48650099999,WMSA,MYI0000WMKK,MYI0000WMSA,WMKK"
Malaysia,2025-01-29,89.5,75.2,81.4,94.8,75.2,83.8,70.4,70.5,0,0,0,rain,0,0,19.9,8.6,67.2,1011.7,40.1,6,207.8,17.8,8,10,2025-01-29T07:26:58,2025-01-29T19:25:52,0,Partially cloudy,Partly cloudy throughout the day.,partly-cloudy-day,"48647099999,48650099999,WMSA,MYI0000WMKK,MYI0000WMSA,WMKK"
Malaysia,2025-01-30,91.2,75.4,82.4,94.6,75.4,84.7,69.4,66.7,0,0,0,rain,0,0,14.3,7.6,308.6,1010.2,40,6.2,271.7,23.5,10,10,2025-01-30T07:27:04,2025-01-30T19:26:05,0.02,Partially cloudy,Partly cloudy throughout the day.,partly-cloudy-day,"48647099999,48650099999,WMSA,MYI0000WMKK,MYI0000WMSA,WMKK"
Malaysia,2025-01-31,91,75.2,82.4,99.2,75.2,86.2,72.2,72.7,0,0,0,rain,0,0,13,9.4,348.3,1009.4,39.9,6.2,200.5,17.3,8,10,2025-01-31T07:27:10,2025-01-31T19:26:18,0.06,Partially cloudy,Partly cloudy throughout the day.,partly-cloudy-day,"48647099999,48650099999,WMSA,MYI0000WMKK,MYI0000WMSA,WMKK"
Malaysia,2025-02-01,92.4,78.6,84,100.8,78.6,89.8,73.7,72.2,0,0,0,rain,0,0,12.1,10.5,320.5,1008.7,41.1,6.2,112.7,9.7,4,10,2025-02-01T07:27:15,2025-02-01T19:26:30,0.09,Partially cloudy,Partly cloudy throughout the day.,partly-cloudy-day,"48647099999,48650099999,WMSA,MYI0000WMKK,MYI0000WMSA,WMKK"
Malaysia,2025-02-02,90.9,78.4,83.6,98,78.4,88.2,72.4,70.2,0,0,0,rain,0,0,17.7,12,313.7,1008.5,40,6.1,225.1,19.5,8,10,2025-02-02T07:27:18,2025-02-02T19:26:42,0.13,Partially cloudy,Partly cloudy throughout the day.,partly-cloudy-day,"48647099999,48650099999,WMSA,MYI0000WMKK,MYI0000WMSA,WMKK"
Malaysia,2025-02-03,94.8,76.8,83.7,97.5,76.8,86.8,70.5,66.9,0,0,0,,0,0,10.3,11.9,313.5,1008.8,39.7,6.2,260.4,22.5,9,10,2025-02-03T07:27:21,2025-02-03T19:26:53,0.17,Partially cloudy,Partly cloudy throughout the day.,partly-cloudy-day,"48647099999,48650099999,WMSA,MYI0000WMKK,MYI0000WMSA,WMKK"
Malaysia,2025-02-04,92.9,77,83.5,102.2,77,87.2,72.3,71,0,0,0,rain,0,0,14.8,6.6,322.2,1009.5,40.8,6.1,259.6,22.4,9,30,2025-02-04T07:27:23,2025-02-04T19:27:02,0.2,Partially cloudy,Partly cloudy throughout the day.,partly-cloudy-day,"48647099999,48650099999,WMSA,MYI0000WMKK,MYI0000WMSA,WMKK"
Malaysia,2025-02-05,86,77.4,81.3,90.5,77.4,83.5,71.2,72.5,0.104,100,4.17,rain,0,0,14.8,7.7,74.3,1009.9,40.2,6.1,133.7,11.6,5,10,2025-02-05T07:27:24,2025-02-05T19:27:12,0.25,"Rain, Partially cloudy",Partly cloudy throughout the day with early morning rain.,rain,"48647099999,48650099999,WMSA,MYI0000WMKK,MYI0000WMSA,WMKK"
Malaysia,2025-02-06,92.8,77,81.7,100.7,77,84.3,72.1,74.3,0,0,0,rain,0,0,14.3,5.6,269.1,1008.9,42.7,6,220.8,19.1,8,30,2025-02-06T07:27:25,2025-02-06T19:27:20,0.27,Partially cloudy,Partly cloudy throughout the day.,partly-cloudy-day,"48647099999,48650099999,WMSA,MYI0000WMKK,MYI0000WMSA,WMKK"
Malaysia,2025-02-07,89.8,77.1,81.4,98.1,77.1,84,74.4,80.4,0.77,100,8.33,rain,0,0,10.1,7.7,226.9,1009.3,41.3,5.8,255.8,22.1,9,30,2025-02-07T07:27:24,2025-02-07T19:27:27,0.31,"Rain, Partially cloudy",Partly cloudy throughout the day with rain clearing later.,rain,"48647099999,48650099999,WMSA,MYI0000WMKK,MYI0000WMSA,WMKK"
Malaysia,2025-02-08,93.2,76.9,83.2,101.6,76.9,86.7,72.8,73.2,0.515,100,4.17,rain,0,0,19.7,9.5,278.3,1009.4,40.7,5.7,268.1,23.3,9,10,2025-02-08T07:27:22,2025-02-08T19:27:34,0.34,"Rain, Partially cloudy",Partly cloudy throughout the day with morning rain.,rain,"48647099999,48650099999,WMSA,MYI0000WMKK,MYI0000WMSA,WMKK"
Malaysia,2025-02-09,91.2,77.2,82.9,95.3,77.2,85.9,70.7,68.2,0,0,0,,0,0,22.1,7.9,104.1,1009.9,40.3,6.3,224.8,19.4,8,10,2025-02-09T07:27:20,2025-02-09T19:27:40,0.38,Partially cloudy,Partly cloudy throughout the day.,partly-cloudy-day,"48647099999,48650099999,WMSA,MYI0000WMKK,MYI0000WMSA,WMKK"
Malaysia,2025-02-10,93.2,76.8,83.4,98.9,76.8,87.8,72.2,70.7,0.007,100,4.17,rain,0,0,17.7,7.1,35.3,1010.3,38.6,6.2,235.8,20.3,9,10,2025-02-10T07:27:17,2025-02-10T19:27:46,0.41,"Rain, Partially cloudy",Partly cloudy throughout the day with morning rain.,rain,"48647099999,48650099999,WMSA,MYI0000WMKK,MYI0000WMSA,WMKK"
Malaysia,2025-02-11,93.1,77.2,83.6,100.4,77.2,88.5,72.9,71.6,0,0,0,rain,0,0,12.1,11.8,240.4,1010.8,38.5,6.2,266.2,23.1,9,30,2025-02-11T07:27:13,2025-02-11T19:27:50,0.45,Partially cloudy,Partly cloudy throughout the day.,partly-cloudy-day,"48647099999,48650099999,WMSA,MYI0000WMKK,MYI0000WMSA,WMKK"
Malaysia,2025-02-12,93.2,78.4,84.7,101.9,78.4,90.5,73.7,71,0,0,0,rain,0,0,10.7,8.6,249.6,1010.9,37.5,6.2,256.4,22.2,9,30,2025-02-12T07:27:08,2025-02-12T19:27:54,0.5,Partially cloudy,Partly cloudy throughout the day.,partly-cloudy-day,"48647099999,48650099999,WMSA,MYI0000WMKK,MYI0000WMSA,WMKK"
Malaysia,2025-02-13,93.2,78.5,85.3,104.6,78.5,91.6,74,70.5,0,0,0,rain,0,0,10.5,9.6,270.4,1010.5,40.2,6.1,259.9,22.6,9,60,2025-02-13T07:27:03,2025-02-13T19:27:57,0.52,Partially cloudy,Partly cloudy throughout the day.,partly-cloudy-day,"48647099999,48650099999,WMSA,MYI0000WMKK,MYI0000WMSA,WMKK"
Malaysia,2025-02-14,93.1,80.3,85,105,85.5,93.9,75.9,74.9,0,0,0,rain,0,0,14.3,10.5,307.3,1009.9,40.9,5.9,244.9,21.3,9,60,2025-02-14T07:26:56,2025-02-14T19:28:00,0.55,Partially cloudy,Partly cloudy throughout the day.,partly-cloudy-day,"48647099999,48650099999,WMSA,MYI0000WMKK,MYI0000WMSA,WMKK"
Malaysia,2025-02-15,89.5,78.5,82.3,100.1,78.5,88.7,75.4,80.1,0.01,100,4.17,rain,0,0,13.2,8.6,293.9,1009.8,41.7,6,142.6,12.3,6,60,2025-02-15T07:26:49,2025-02-15T19:28:02,0.58,"Rain, Partially cloudy",Partly cloudy throughout the day with morning rain.,rain,"48647099999,48650099999,WMSA,MYI0000WMKK,MYI0000WMSA,WMKK"
Malaysia,2025-02-16,90.9,76.9,80.8,102.4,76.9,83.8,75,83.5,0.141,100,8.33,rain,0,0,11,9.2,298.2,1010.5,43.6,6,187.5,16.1,8,60,2025-02-16T07:26:41,2025-02-16T19:28:03,0.62,"Rain, Partially cloudy",Partly cloudy throughout the day with rain clearing later.,rain,"48647099999,48650099999,WMSA,MYI0000WMKK,MYI0000WMSA,WMKK"
Malaysia,2025-02-17,89.6,77,80.9,102.5,77,84.1,74.9,83.1,0.278,100,4.17,rain,0,0,15,9.6,294.6,1011,41.9,5.9,227.1,19.4,8,30,2025-02-17T07:26:32,2025-02-17T19:28:03,0.65,"Rain, Partially cloudy",Partly cloudy throughout the day with morning rain.,rain,"48647099999,48650099999,WMSA,MYI0000WMKK,MYI0000WMSA,WMKK"
Malaysia,2025-02-18,91,77.1,82.5,102.3,77.1,87.3,74.7,78.8,0.33,100,8.33,rain,0,0,25.3,9.5,291.4,1010.9,41.7,6.1,210.2,18,8,60,2025-02-18T07:26:23,2025-02-18T19:28:03,0.68,"Rain, Partially cloudy",Partly cloudy throughout the day with rain clearing later.,rain,"48647099999,48650099999,WMSA,MYI0000WMKK,MYI0000WMSA,WMKK"
Malaysia,2025-02-19,89.5,75.2,81.3,95.1,75.2,85,73.6,79,0,0,0,rain,0,0,14.3,7.7,234.6,1010.9,43.2,6,193.6,16.7,8,30,2025-02-19T07:26:13,2025-02-19T19:28:02,0.71,Partially cloudy,Partly cloudy throughout the day.,partly-cloudy-day,"48647099999,48650099999,WMSA,MYI0000WMKK,MYI0000WMSA,WMKK"
Malaysia,2025-02-20,93.1,76.9,84,102.6,76.9,88.9,73.4,72.1,0,0,0,rain,0,0,19.2,7.5,299.1,1010.3,41.3,6.2,248.7,21.3,8,30,2025-02-20T07:26:02,2025-02-20T19:28:00,0.75,Partially cloudy,Partly cloudy throughout the day.,partly-cloudy-day,"48647099999,48650099999,WMSA,MYI0000WMKK,MYI0000WMSA,WMKK"
Malaysia,2025-02-21,89.8,78.3,81.1,98.6,78.3,84.1,74.5,81.3,0.016,100,8.33,rain,0,0,21.9,7.4,323.5,1011.2,41.2,6,177.1,15.3,6,30,2025-02-21T07:25:50,2025-02-21T19:27:58,0.75,"Rain, Partially cloudy",Partly cloudy throughout the day with early morning rain.,rain,"48647099999,48650099999,WMSA,MYI0000WMKK,MYI0000WMSA,WMKK"
Malaysia,2025-02-22,92.9,76.8,81.6,102.8,76.8,85.6,74.6,80.8,0.391,100,4.17,rain,0,0,13.9,10.4,285,1011.3,40.6,6.1,231,19.7,9,60,2025-02-22T07:25:38,2025-02-22T19:27:55,0.81,"Rain, Partially cloudy",Partly cloudy throughout the day with morning rain.,rain,"48647099999,48650099999,WMSA,MYI0000WMKK,MYI0000WMSA,WMKK"
Malaysia,2025-02-23,91.2,75,81.6,98.9,75,85.4,74.3,80,0.454,100,8.33,rain,0,0,13.4,8.7,272.3,1012.1,42.9,6,237.9,20.5,8,60,2025-02-23T07:25:25,2025-02-23T19:27:52,0.84,"Rain, Partially cloudy",Partly cloudy throughout the day with rain clearing later.,rain,"48647099999,48650099999,WMSA,MYI0000WMKK,MYI0000WMSA,WMKK"
Malaysia,2025-02-24,93,76.9,81.5,103.1,76.9,84.6,74.5,81.1,0.018,100,4.17,rain,0,0,28.9,8.7,177.6,1011.8,42.3,6,225.2,19.4,8,30,2025-02-24T07:25:11,2025-02-24T19:27:48,0.87,"Rain, Partially cloudy",Partly cloudy throughout the day with early morning rain.,rain,"48647099999,48650099999,WMSA,MYI0000WMKK,MYI0000WMSA,WMKK"
Malaysia,2025-02-25,91.4,75.4,82.9,98.8,75.4,86.5,72.3,72.2,0.96,100,4.17,rain,0,0,34.4,9.1,83.9,1012.6,40.8,6.2,220.2,18.8,8,10,2025-02-25T07:24:57,2025-02-25T19:27:43,0.91,"Rain, Partially cloudy",Partly cloudy throughout the day with morning rain.,rain,"48647099999,48650099999,WMSA,MYI0000WMKK,MYI0000WMSA,WMKK"
Malaysia,2025-02-26,91.3,78.6,84.4,100.6,78.6,89.5,72.9,69.3,0.001,100,4.17,rain,0,0,24.2,8.9,59.3,1012,42.1,6.2,168.4,14.5,7,30,2025-02-26T07:24:42,2025-02-26T19:27:38,0.94,"Rain, Partially cloudy",Partly cloudy throughout the day with morning rain.,rain,"48647099999,48650099999,WMSA,MYI0000WMKK,MYI0000WMSA,WMKK"
Malaysia,2025-02-27,91.3,75.6,82,100.4,75.6,85.8,73.5,77,0.105,100,8.33,rain,0,0,26.5,9.7,339.5,1011.4,44.8,5.9,220.9,19.2,8,30,2025-02-27T07:24:27,2025-02-27T19:27:33,0.97,"Rain, Partially cloudy",Partly cloudy throughout the day with rain clearing later.,rain,"48647099999,48650099999,WMSA,MYI0000WMKK,MYI0000WMSA,WMKK"
Malaysia,2025-02-28,92.6,76.9,81.7,102.7,76.9,85.1,75,82,1.219,100,8.33,rain,0,0,21.3,11.3,13.1,1010.5,39,6,227.6,19.5,8,30,2025-02-28T07:24:11,2025-02-28T19:27:27,0,"Rain, Partially cloudy",Partly cloudy throughout the day with rain clearing later.,rain,"48647099999,48650099999,WMSA,MYI0000WMKK,MYI0000WMSA,WMKK"
Malaysia,2025-03-01,92.8,77.1,83.6,100.2,77.1,88.4,74.5,76,0.536,100,4.17,rain,0,0,18.8,9.7,320.4,1009.7,38.2,6.2,254.7,22.1,9,10,2025-03-01T07:23:55,2025-03-01T19:27:20,0.04,"Rain, Partially cloudy",Partly cloudy throughout the day with morning rain.,rain,"48647099999,48650099999,WMSA,MYI0000WMKK,WMKK,MYI0000WMSA"
Malaysia,2025-03-02,94.9,76.4,82.8,104.8,76.4,86.6,74.6,78.3,0,0,0,rain,0,0,35.8,15.6,294.8,1008.3,41.4,5.8,270.1,23.3,9,30,2025-03-02T07:23:38,2025-03-02T19:27:13,0.07,Partially cloudy,Partly cloudy throughout the day.,partly-cloudy-day,"48647099999,48650099999,WMSA,MYI0000WMKK,MYI0000WMSA,WMKK"
Malaysia,2025-03-03,92.8,76.6,83.7,106.8,76.6,90.1,75.5,77.9,1.448,100,4.17,rain,0,0,19.7,10.7,281.1,1008.1,40.2,5.9,254.7,22.1,9,60,2025-03-03T07:23:20,2025-03-03T19:27:05,0.11,"Rain, Partially cloudy",Partly cloudy throughout the day with morning rain.,rain,"48647099999,48650099999,WMSA,MYI0000WMKK,MYI0000WMSA,WMKK"
Malaysia,2025-03-04,92.5,78.6,84.8,102.8,78.6,92.9,76.1,76.4,0,0,0,rain,0,0,10.5,7.7,265.6,1008.1,40.5,6.2,235.3,20.5,8,60,2025-03-04T07:23:02,2025-03-04T19:26:57,0.15,Partially cloudy,Partly cloudy throughout the day.,partly-cloudy-day,"48647099999,48650099999,WMSA,MYI0000WMKK,MYI0000WMSA,WMKK"
Malaysia,2025-03-05,91.2,80.2,84.3,105.2,86.2,93.9,77.1,79.8,0.063,100,4.17,rain,0,0,17.2,13.1,309.3,1007.9,41.8,6,216.8,18.9,8,60,2025-03-05T07:22:44,2025-03-05T19:26:49,0.18,"Rain, Partially cloudy",Partly cloudy throughout the day with morning rain.,rain,"48647099999,48650099999,WMSA,MYI0000WMKK,MYI0000WMSA,WMKK"
Malaysia,2025-03-06,85.7,78.4,81.2,96.6,78.4,86.9,76.5,86.1,0.355,100,12.5,rain,0,0,14.3,5.4,234.9,1009.8,42.8,5.9,161.1,13.8,7,30,2025-03-06T07:22:25,2025-03-06T19:26:40,0.22,"Rain, Partially cloudy",Partly cloudy throughout the day with rain.,rain,"48647099999,48650099999,WMSA,MYI0000WMKK,MYI0000WMSA,WMKK"
Malaysia,2025-03-07,91.4,77,84.2,104.5,77,91,75.7,77.1,0,0,0,rain,0,0,15,8.5,287.5,1008.3,40.4,6.1,248.8,21.6,10,60,2025-03-07T07:22:06,2025-03-07T19:26:31,0.25,Partially cloudy,Partly cloudy throughout the day.,partly-cloudy-day,"48647099999,48650099999,WMSA,MYI0000WMKK,MYI0000WMSA,WMKK"
Malaysia,2025-03-08,93.3,79.6,84.5,107.5,79.6,92.6,76,77.2,0,0,0,rain,0,0,13,10.5,259.7,1008.1,41.6,6.2,224.2,19.4,9,75,2025-03-08T07:21:46,2025-03-08T19:26:21,0.29,Partially cloudy,Partly cloudy throughout the day.,partly-cloudy-day,"48647099999,48650099999,WMSA,MYI0000WMKK,MYI0000WMSA,WMKK"
Malaysia,2025-03-09,93,79.8,83.5,102.7,79.8,90.3,75.4,78,0.104,100,4.17,rain,0,0,16.1,7.6,78.1,1009.4,40,6.1,185.9,16,8,60,2025-03-09T07:21:26,2025-03-09T19:26:11,0.32,"Rain, Partially cloudy",Partly cloudy throughout the day with morning rain.,rain,"48647099999,48650099999,WMSA,MYI0000WMKK,MYI0000WMSA,WMKK"
Malaysia,2025-03-10,94,79,83.6,106.9,79,89.3,76.2,79.8,0.028,100,4.17,rain,0,0,17.4,7.3,234.4,1009.8,41.9,6,227.4,19.6,8,60,2025-03-10T07:21:05,2025-03-10T19:26:01,0.36,"Rain, Partially cloudy",Partly cloudy throughout the day with morning rain.,rain,"48647099999,48650099999,WMSA,MYI0000WMKK,MYI0000WMSA,WMKK"
Malaysia,2025-03-11,93,78.8,82.7,105,78.8,87.5,75.5,80,0.114,100,8.33,rain,0,0,16.8,9.5,317.5,1009.8,41.1,6.1,204.8,17.8,7,60,2025-03-11T07:20:44,2025-03-11T19:25:50,0.39,"Rain, Partially cloudy",Partly cloudy throughout the day with rain.,rain,"48647099999,48650099999,WMSA,MYI0000WMKK,MYI0000WMSA,WMKK"
Malaysia,2025-03-12,94.3,76.6,81.9,106.7,76.6,85.4,74.9,81,0,0,0,rain,0,0,12.3,11.9,282.4,1009,41.4,5.9,199.5,17.3,8,30,2025-03-12T07:20:23,2025-03-12T19:25:39,0.43,Partially cloudy,Partly cloudy throughout the day.,partly-cloudy-day,"48647099999,48650099999,WMSA,MYI0000WMKK,MYI0000WMSA,WMKK"
Malaysia,2025-03-13,90.9,76.5,82.2,100.4,76.5,87.8,75.8,81.9,1.185,100,4.17,rain,0,0,15.2,10.3,322.4,1008.4,39.6,6.1,202,17.4,7,60,2025-03-13T07:20:02,2025-03-13T19:25:28,0.46,"Rain, Partially cloudy",Partly cloudy throughout the day with morning rain.,rain,"48647099999,48650099999,WMSA,MYI0000WMKK,MYI0000WMSA,WMKK"
Malaysia,2025-03-14,89.3,76.6,81.7,99.2,76.6,87.1,75.6,82.4,0.689,100,4.17,rain,0,0,17.2,11.9,296.4,1010.1,41.7,6,237.1,20.2,9,30,2025-03-14T07:19:40,2025-03-14T19:25:17,0.5,"Rain, Partially cloudy",Partly cloudy throughout the day with morning rain.,rain,"48647099999,48650099999,WMSA,MYI0000WMKK,MYI0000WMSA,WMKK"
Malaysia,2025-03-15,92.6,76.6,82.8,102.6,76.6,88.6,75.6,80.7,0.86,100,4.17,rain,0,0,14.8,7.5,270.9,1009.9,40.4,5.9,206,17.6,8,60,2025-03-15T07:19:18,2025-03-15T19:25:05,0.53,"Rain, Partially cloudy",Partly cloudy throughout the day with morning rain.,rain,"48647099999,48650099999,WMSA,MYI0000WMKK,MYI0000WMSA,WMKK"
Malaysia,2025-03-16,91,78.6,82.2,104.5,78.6,88.4,76.2,82.7,0.174,100,4.17,rain,0,0,13.2,9.9,308.3,1009.7,41.3,5.7,239.3,20.8,8,60,2025-03-16T07:18:56,2025-03-16T19:24:54,0.56,"Rain, Partially cloudy",Partly cloudy throughout the day with morning rain.,rain,"48647099999,48650099999,WMSA,MYI0000WMKK,MYI0000WMSA,WMKK"
Malaysia,2025-03-17,91.2,76.8,82.8,102.1,76.8,88.5,75.6,80,0,0,0,rain,0,0,14.3,9.5,242.3,1009.5,40.4,6.1,260.6,22.5,10,30,2025-03-17T07:18:34,2025-03-17T19:24:41,0.59,Partially cloudy,Partly cloudy throughout the day.,partly-cloudy-day,"48647099999,48650099999,WMSA,MYI0000WMKK,MYI0000WMSA,WMKK"
Malaysia,2025-03-18,95,78.6,84.4,103.9,78.6,90.3,74.5,74.4,0.223,100,8.33,rain,0,0,17.9,5.9,211.6,1010.4,42.7,6.1,280.8,24.1,10,10,2025-03-18T07:18:11,2025-03-18T19:24:29,0.63,"Rain, Partially cloudy",Partly cloudy throughout the day with rain.,rain,"48647099999,48650099999,WMSA,MYI0000WMKK,MYI0000WMSA,WMKK"
Malaysia,2025-03-19,91,78.6,83.3,98.9,78.6,88.8,74.4,75.9,0.002,100,4.17,rain,0,0,20.6,6.4,246.4,1012.5,40.5,6.1,188.2,16.2,7,10,2025-03-19T07:17:48,2025-03-19T19:24:17,0.66,"Rain, Partially cloudy",Partly cloudy throughout the day with morning rain.,rain,"48647099999,48650099999,WMSA,MYI0000WMKK,MYI0000WMSA,WMKK"
Malaysia,2025-03-20,85.4,78.4,81.6,96,78.4,87.2,75.4,81.9,0.041,100,4.17,rain,0,0,20.6,7.5,233.3,1013.5,40.7,6.1,132.8,11.4,4,10,2025-03-20T07:17:25,2025-03-20T19:24:04,0.69,"Rain, Partially cloudy",Partly cloudy throughout the day with morning rain.,rain,"48647099999,48650099999,WMSA,MYI0000WMKK,MYI0000WMSA,WMKK"
Malaysia,2025-03-21,89.4,76.8,82.7,96,76.8,86.3,73.3,75,0.104,100,4.17,rain,0,0,21.3,7.4,7.5,1012.7,40.2,5.6,177.5,15.5,6,30,2025-03-21T07:17:02,2025-03-21T19:23:52,0.73,"Rain, Partially cloudy",Partly cloudy throughout the day with early morning rain.,rain,"48647099999,48650099999,WMSA,MYI0000WMKK,MYI0000WMSA,WMKK"
Malaysia,2025-03-22,87.1,75.8,82,94.7,75.8,87.6,74,77.3,0,0,0,rain,0,0,22.4,8.8,276.6,1012.1,41.9,5.9,124.1,10.5,5,30,2025-03-22T07:16:39,2025-03-22T19:23:39,0.75,Partially cloudy,Partly cloudy throughout the day.,partly-cloudy-day,"48647099999,48650099999,WMSA,MYI0000WMKK,MYI0000WMSA,WMKK"
Malaysia,2025-03-23,86,76.8,78.9,94.8,76.8,80.6,75.3,89.2,0,0,0,rain,0,0,18.6,9.8,289.9,1011.8,45.3,5.5,185.7,16.2,8,60,2025-03-23T07:16:16,2025-03-23T19:23:26,0.79,Partially cloudy,Partly cloudy throughout the day.,partly-cloudy-day,"48647099999,48650099999,WMSA,MYI0000WMKK,MYI0000WMSA,WMKK"
Malaysia,2025-03-24,90.9,75.2,82.5,104,75.2,87.8,74.9,79.4,0.374,100,8.33,rain,0,0,12.8,10.4,286.3,1010.2,39.9,6,225.1,19.5,9,60,2025-03-24T07:15:53,2025-03-24T19:23:14,0.83,"Rain, Partially cloudy",Partly cloudy throughout the day with rain clearing later.,rain,"48647099999,48650099999,WMSA,MYI0000WMKK,MYI0000WMSA,WMKK"
Malaysia,2025-03-25,89.2,78.6,82.5,101.7,78.6,88.3,75.6,80.3,0,0,0,rain,0,0,14.1,8.7,305.6,1008.2,40.7,6,223.5,19.3,8,60,2025-03-25T07:15:29,2025-03-25T19:23:01,0.86,Partially cloudy,Partly cloudy throughout the day.,partly-cloudy-day,"48647099999,48650099999,WMSA,MYI0000WMKK,MYI0000WMSA,WMKK"
Malaysia,2025-03-26,94.5,78.3,85.5,108.9,78.3,92.6,75.6,74.1,0.004,100,4.17,rain,0,0,17.4,8.8,311.5,1006.6,40.4,5.8,269,23.3,9,60,2025-03-26T07:15:06,2025-03-26T19:22:48,0.89,"Rain, Partially cloudy",Partly cloudy throughout the day with morning rain.,rain,"48647099999,48650099999,WMSA,MYI0000WMKK,MYI0000WMSA,WMKK"
Malaysia,2025-03-27,89.1,80.2,82.7,101.7,86.1,91.2,76.9,82.9,0.141,100,4.17,rain,0,0,20.8,8.9,275.2,1006.6,41.1,5.9,238.3,20.7,10,60,2025-03-27T07:14:43,2025-03-27T19:22:35,0.92,"Rain, Partially cloudy",Partly cloudy throughout the day with morning rain.,rain,"48647099999,48650099999,WMSA,MYI0000WMKK,WMKK,MYI0000WMSA"
Malaysia,2025-03-28,89.4,75.4,81.8,101.8,75.4,87.1,75.6,82.4,0.53,100,4.17,rain,0,0,19.7,9.9,323.2,1007.5,39.3,5.6,158.8,13.7,6,30,2025-03-28T07:14:19,2025-03-28T19:22:22,0.96,"Rain, Partially cloudy",Partly cloudy throughout the day with morning rain.,rain,"48647099999,48650099999,WMSA,MYI0000WMKK,MYI0000WMSA,WMKK"
Malaysia,2025-03-29,93,78.5,84.5,104.6,78.5,91.1,75.3,75.4,0,0,0,rain,0,0,15.9,10.9,305.2,1007.6,38.5,6.1,236,20.3,9,60,2025-03-29T07:13:56,2025-03-29T19:22:09,0,Partially cloudy,Partly cloudy throughout the day.,partly-cloudy-day,"48647099999,48650099999,WMSA,MYI0000WMKK,MYI0000WMSA,WMKK"
Malaysia,2025-03-30,94,80.1,84.7,106.4,85.8,94,76.8,78.5,0.007,100,4.17,rain,0,0,13.6,9.4,316.3,1009,38.9,5.3,243.3,21,9,60,2025-03-30T07:13:33,2025-03-30T19:21:57,0.02,"Rain, Partially cloudy",Partly cloudy throughout the day with morning rain.,rain,"48647099999,48650099999,WMSA,MYI0000WMKK,MYI0000WMSA,WMKK"
Malaysia,2025-03-31,92.7,76.8,83.8,104.2,76.8,90.5,74.9,75.8,0.008,100,4.17,rain,0,0,18.3,8.5,284,1009.4,39.9,6.1,230,19.6,9,60,2025-03-31T07:13:10,2025-03-31T19:21:44,0.06,"Rain, Partially cloudy",Partly cloudy throughout the day with morning rain.,rain,"48647099999,48650099999,WMSA,MYI0000WMKK,MYI0000WMSA,WMKK"
Malaysia,2025-04-01,92.7,78.2,84,107,78.2,89.8,74.8,74.9,0.17,100,4.17,rain,0,0,9.6,8.5,317.7,1009.2,41.7,6,131.3,11.3,4,30,2025-04-01T07:12:47,2025-04-01T19:21:31,0.09,"Rain, Partially cloudy",Partly cloudy throughout the day with morning rain.,rain,"48647099999,48650099999,WMSA,MYI0000WMKK,WMKK,MYI0000WMSA"
Malaysia,2025-04-02,92.4,78.2,83.6,104.3,78.2,89.3,74.8,76.1,0,0,0,rain,0,0,25.3,11.7,326.5,1009.5,41.3,6,184.5,15.9,8,60,2025-04-02T07:12:24,2025-04-02T19:21:19,0.13,Partially cloudy,Partly cloudy throughout the day.,partly-cloudy-day,"48647099999,48650099999,WMSA,MYI0000WMKK,MYI0000WMSA,WMKK"
Malaysia,2025-04-03,94.2,77,84.3,104.2,77,89,73.7,72.3,0.073,100,4.17,rain,0,0,14.8,6.8,87.6,1009.7,41.2,6.1,218.9,18.9,9,60,2025-04-03T07:12:01,2025-04-03T19:21:07,0.16,"Rain, Partially cloudy",Partly cloudy throughout the day with early morning rain.,rain,"48647099999,48650099999,WMSA,MYI0000WMKK,MYI0000WMSA,WMKK"
Malaysia,2025-04-04,90.7,76.6,81.5,101.5,76.6,85.8,74.5,80.3,0,0,0,rain,0,0,19.7,9.5,323.1,1010.4,40.5,6,191.6,16.5,8,60,2025-04-04T07:11:38,2025-04-04T19:20:54,0.2,Partially cloudy,Partly cloudy throughout the day.,partly-cloudy-day,"48647099999,48650099999,WMSA,MYI0000WMKK,MYI0000WMSA,WMKK"
Malaysia,2025-04-05,88.1,76.8,79.8,99.5,76.8,83.1,75.3,86.6,1.483,100,4.17,rain,0,0,12.5,7.9,224.1,1010.1,42.6,6,189.2,16.2,8,30,2025-04-05T07:11:16,2025-04-05T19:20:42,0.25,"Rain, Partially cloudy",Partly cloudy throughout the day with morning rain.,rain,"48647099999,48650099999,WMSA,MYI0000WMKK,MYI0000WMSA,WMKK"
Malaysia,2025-04-06,92.7,76.4,80.8,104.6,76.4,84.1,75.1,84,0.176,100,4.17,rain,0,0,33.3,16.1,310.4,1009.5,42.6,5.5,243.8,20.9,8,60,2025-04-06T07:10:54,2025-04-06T19:20:31,0.26,"Rain, Partially cloudy",Partly cloudy throughout the day with morning rain.,rain,"48647099999,48650099999,WMSA,MYI0000WMKK,MYI0000WMSA,WMKK"
Malaysia,2025-04-07,87.4,76.8,81.2,96.8,76.8,85.7,75.3,83.2,1.102,100,8.33,rain,0,0,21.3,7.8,248.9,1011,40.9,6.1,161,13.7,8,10,2025-04-07T07:10:32,2025-04-07T19:20:19,0.3,"Rain, Partially cloudy",Partly cloudy throughout the day with rain clearing later.,rain,"48647099999,48650099999,WMSA,MYI0000WMKK,MYI0000WMSA,WMKK"
Malaysia,2025-04-08,92.5,76.6,84,104,76.6,90.4,75.4,76.8,0,0,0,rain,0,0,15.7,9.4,237.8,1011,40.4,6.1,159.7,13.7,5,60,2025-04-08T07:10:10,2025-04-08T19:20:08,0.33,Partially cloudy,Partly cloudy throughout the day.,partly-cloudy-day,"48647099999,48650099999,WMSA,MYI0000WMKK,MYI0000WMSA,WMKK"
Malaysia,2025-04-09,89.1,78.6,83.4,102,78.6,91.5,76.7,80.8,0,0,0,rain,0,0,14.8,13.5,315.4,1010.3,40.4,6,226.5,19.5,8,30,2025-04-09T07:09:48,2025-04-09T19:19:56,0.37,Partially cloudy,Partly cloudy throughout the day.,partly-cloudy-day,"48647099999,48650099999,WMSA,MYI0000WMKK,MYI0000WMSA,WMKK"
Malaysia,2025-04-10,91.9,80,84.4,103.4,80,93,76.3,77.4,0.148,100,8.33,rain,0,0,19.5,9.4,294.1,1008.7,41.1,6.1,206.5,17.8,8,60,2025-04-10T07:09:27,2025-04-10T19:19:45,0.4,"Rain, Partially cloudy",Partly cloudy throughout the day with rain.,rain,"48647099999,48650099999,WMSA,MYI0000WMKK,MYI0000WMSA,WMKK"
Malaysia,2025-04-11,86.1,74.8,80.5,96.3,74.8,85.7,75.3,84.8,2.297,100,4.17,rain,0,0,20.6,13.5,291.7,1009.5,46.1,5.5,137.7,12,5,30,2025-04-11T07:09:06,2025-04-11T19:19:35,0.44,"Rain, Partially cloudy",Partly cloudy throughout the day with morning rain.,rain,"48647099999,48650099999,WMSA,MYI0000WMKK,MYI0000WMSA,WMKK"
Malaysia,2025-04-12,91.6,76.6,82.4,104.6,76.6,87.6,74.8,79,0.107,100,4.17,rain,0,0,21.9,13.5,307.3,1009.4,43.7,6.1,225.4,19.4,8,60,2025-04-12T07:08:45,2025-04-12T19:19:24,0.47,"Rain, Partially cloudy",Partly cloudy throughout the day with morning rain.,rain,"48647099999,48650099999,WMSA,MYI0000WMKK,MYI0000WMSA,WMKK"
Malaysia,2025-04-13,92.7,80,83.6,104.5,85,91.8,76.2,79.2,0.022,100,8.33,rain,0,0,15.4,8.8,287.6,1009.6,44.6,6.1,210.2,18.2,9,30,2025-04-13T07:08:25,2025-04-13T19:19:14,0.5,"Rain, Partially cloudy",Partly cloudy throughout the day with rain clearing later.,rain,"48647099999,48650099999,WMSA,MYI0000WMKK,MYI0000WMSA,WMKK"
Malaysia,2025-04-14,94.5,77.2,83.5,107.3,77.2,89.5,75.9,79.5,1.764,100,8.33,rain,0,0,38,17.1,303,1009.1,44.2,6,244.9,21,8,60,2025-04-14T07:08:05,2025-04-14T19:19:04,0.54,"Rain, Partially cloudy",Partly cloudy throughout the day with rain.,rain,"48647099999,48650099999,WMSA,MYI0000WMKK,MYI0000WMSA,WMKK"
Malaysia,2025-04-15,94.2,75.4,81.9,109.2,75.4,86.3,76,83.9,0,0,0,rain,0,0,24.2,11.6,235.8,1009.2,44.1,5.6,254.5,22,8,60,2025-04-15T07:07:45,2025-04-15T19:18:55,0.57,Partially cloudy,Partly cloudy throughout the day.,partly-cloudy-day,"48647099999,48650099999,WMSA,MYI0000WMKK,MYI0000WMSA,WMKK"
Malaysia,2025-04-16,93,74.1,83.8,106.3,74.1,90.1,75.7,78.5,0.169,100,8.33,rain,0,0,20.8,9.5,288.8,1009.6,42.4,5.9,216.7,18.8,8,60,2025-04-16T07:07:26,2025-04-16T19:18:46,0.61,"Rain, Partially cloudy",Partly cloudy throughout the day with rain clearing later.,rain,"48647099999,48650099999,WMSA,MYI0000WMKK,MYI0000WMSA,WMKK"
Malaysia,2025-04-17,93,75,83.2,106.8,75,89.5,75.2,78.6,1.671,100,4.17,rain,0,0,21.7,8.8,314.7,1009.6,41.4,5.9,218.8,18.7,9,60,2025-04-17T07:07:07,2025-04-17T19:18:37,0.64,"Rain, Partially cloudy",Partly cloudy throughout the day with early morning rain.,rain,"48647099999,48650099999,WMSA,MYI0000WMKK,MYI0000WMSA,WMKK"
Malaysia,2025-04-18,94.8,80.2,86.4,111.7,86.1,97,76.8,74.3,0,0,0,rain,0,0,16.8,11,321.3,1008.6,40.7,6.1,266.4,23,9,75,2025-04-18T07:06:49,2025-04-18T19:18:29,0.67,Partially cloudy,Partly cloudy throughout the day.,partly-cloudy-day,"48647099999,48650099999,WMSA,MYI0000WMKK,MYI0000WMSA,WMKK"
Malaysia,2025-04-19,92.7,80,83.7,107.4,85.4,92.9,77.4,82.1,0,0,0,rain,0,0,16.3,14.2,300.4,1008.1,42.9,5.9,214.6,18.7,8,75,2025-04-19T07:06:31,2025-04-19T19:18:21,0.71,Partially cloudy,Partly cloudy throughout the day.,partly-cloudy-day,"48647099999,48650099999,WMSA,MYI0000WMKK,MYI0000WMSA,WMKK"
Malaysia,2025-04-20,89.6,75.2,81.5,101.8,75.2,86.4,75.3,82.6,0,0,0,rain,0,0,20.8,9.9,310.7,1009.4,44.7,6,239.1,20.7,8,60,2025-04-20T07:06:13,2025-04-20T19:18:13,0.74,Partially cloudy,Partly cloudy throughout the day.,partly-cloudy-day,"48647099999,48650099999,WMSA,MYI0000WMKK,MYI0000WMSA,WMKK"
Malaysia,2025-04-21,91.2,77,80.4,104.8,77,83.5,75.3,85.3,0.853,100,8.33,rain,0,0,12.5,8.8,313.4,1010.1,42,6,203.8,17.7,8,60,2025-04-21T07:05:56,2025-04-21T19:18:06,0.75,"Rain, Partially cloudy",Partly cloudy throughout the day with rain.,rain,"48647099999,48650099999,WMSA,MYI0000WMKK,MYI0000WMSA,WMKK"
Malaysia,2025-04-22,92.9,76.6,83.6,106.4,76.6,89.8,75.4,77.8,0.028,100,4.17,rain,0,0,18.3,7.4,305.9,1010.2,40.6,6.2,169,14.6,7,60,2025-04-22T07:05:39,2025-04-22T19:17:59,0.81,"Rain, Partially cloudy",Partly cloudy throughout the day with early morning rain.,rain,"48647099999,48650099999,WMSA,MYI0000WMKK,MYI0000WMSA,WMKK"
Malaysia,2025-04-23,89.2,74.8,82.5,99.4,74.8,89,75.3,79.9,3.23,100,8.33,rain,0,0,15,8.4,272.5,1010.1,41.8,5.6,201,17.4,8,30,2025-04-23T07:05:23,2025-04-23T19:17:52,0.84,"Rain, Partially cloudy",Partly cloudy throughout the day with rain in the morning and afternoon.,rain,"48647099999,48650099999,WMSA,MYI0000WMKK,MYI0000WMSA,WMKK"
Malaysia,2025-04-24,91.2,75,83.2,101.8,75,89.3,74.6,76.8,0.767,100,4.17,rain,0,0,25.3,11,262.9,1010.1,43.2,6,260.9,22.6,8,75,2025-04-24T07:05:07,2025-04-24T19:17:46,0.88,"Rain, Partially cloudy",Partly cloudy throughout the day with morning rain.,rain,"48647099999,48650099999,WMSA,MYI0000WMKK,MYI0000WMSA,WMKK"
Malaysia,2025-04-25,92.8,78.6,85.6,106.7,78.6,93.8,75.4,72.7,0,0,0,rain,0,0,13.4,7.6,280.9,1009.1,41.4,6.2,261.3,22.6,9,75,2025-04-25T07:04:52,2025-04-25T19:17:41,0.91,Partially cloudy,Partly cloudy throughout the day.,partly-cloudy-day,"48647099999,48650099999,WMSA,MYI0000WMKK,MYI0000WMSA,WMKK"
Malaysia,2025-04-26,91,78.6,82.3,104.5,78.6,88.9,76,81.9,0,0,0,rain,0,0,20.8,9.5,300.7,1009.7,40.7,6.1,180.9,15.6,7,60,2025-04-26T07:04:38,2025-04-26T19:17:36,0.94,Partially cloudy,Partly cloudy throughout the day.,partly-cloudy-day,"48647099999,48650099999,WMSA,MYI0000WMKK,MYI0000WMSA,WMKK"
Malaysia,2025-04-27,92.7,78.3,81.9,104.3,78.3,86.6,75.7,82.5,1.531,100,8.33,rain,0,0,11.2,5.3,254.4,1009.7,40.4,5.9,251,21.7,9,75,2025-04-27T07:04:23,2025-04-27T19:17:31,0.98,"Rain, Partially cloudy",Partly cloudy throughout the day with rain.,rain,"48647099999,48650099999,WMSA,MYI0000WMKK,MYI0000WMSA,WMKK"
Malaysia,2025-04-28,91.1,77.3,80.9,103,77.3,84.1,75.6,84.7,0,0,0,rain,0,0,12.8,12.4,290.6,1009.1,41.9,5.7,225.6,19.4,8,60,2025-04-28T07:04:10,2025-04-28T19:17:27,0,Partially cloudy,Partly cloudy throughout the day.,partly-cloudy-day,"48647099999,48650099999,WMSA,MYI0000WMKK,MYI0000WMSA,WMKK"
Malaysia,2025-04-29,94.2,76.8,84.2,108.3,76.8,90.4,75.3,76,0.492,100,4.17,rain,0,0,13,10.6,304.8,1008.4,38.9,6.1,190.1,16.3,8,75,2025-04-29T07:03:57,2025-04-29T19:17:23,0.05,"Rain, Partially cloudy",Partly cloudy throughout the day with morning rain.,rain,"48647099999,48650099999,WMSA,MYI0000WMKK,MYI0000WMSA,WMKK"
Malaysia,2025-04-30,89.5,78.6,82.4,100,78.6,89,75.3,79.5,0,0,0,rain,0,0,13.6,10.7,243.5,1008.9,41.7,6.2,236.8,20.5,9,30,2025-04-30T07:03:44,2025-04-30T19:17:20,0.08,Partially cloudy,Partly cloudy throughout the day.,partly-cloudy-day,"48647099999,48650099999,WMSA,MYI0000WMKK,MYI0000WMSA,WMKK"
Malaysia,2025-05-01,89.2,78.4,81.5,101.9,78.4,87,76.4,85,0,0,0,rain,0,0,16.1,7.7,262,1009.5,41.3,6,216.9,18.7,8,60,2025-05-01T07:03:32,2025-05-01T19:17:17,0.11,Partially cloudy,Partly cloudy throughout the day.,partly-cloudy-day,"48647099999,48650099999,WMSA,MYI0000WMKK,MYI0000WMSA,WMKK"
Malaysia,2025-05-02,90.5,78.4,82.5,101.4,78.4,88.6,76.6,83.3,0.005,100,4.17,rain,0,0,17.4,9.4,260,1009,41,6.1,226.8,19.6,8,60,2025-05-02T07:03:21,2025-05-02T19:17:15,0.15,"Rain, Partially cloudy",Partly cloudy throughout the day with afternoon rain.,rain,"48647099999,48650099999,WMSA,MYI0000WMKK,MYI0000WMSA,WMKK"
Malaysia,2025-05-03,90.9,78.4,83.4,103.9,78.4,90.7,76.9,81.8,0,0,0,rain,0,0,20.4,9.5,299.3,1008.5,41.4,6.1,167.6,14.3,8,60,2025-05-03T07:03:10,2025-05-03T19:17:13,0.18,Partially cloudy,Partly cloudy throughout the day.,partly-cloudy-day,"48647099999,48650099999,WMSA,MYI0000WMKK,MYI0000WMSA,WMKK"
Malaysia,2025-05-04,86.1,75.4,79,97.4,75.4,81.4,75.6,89.7,1.319,100,12.5,rain,0,0,20.8,11.8,299,1008.3,42.1,5.9,197.2,16.9,8,30,2025-05-04T07:03:00,2025-05-04T19:17:12,0.25,"Rain, Partially cloudy",Partly cloudy throughout the day with a chance of rain throughout the day.,rain,"48647099999,48650099999,WMSA,MYI0000WMKK,MYI0000WMSA,WMKK"
Malaysia,2025-05-05,89.2,75.2,82,99.7,75.2,87.4,74.8,79.9,0,0,0,rain,0,0,21,10,301.5,1008.7,40.7,6.2,234.6,20.1,9,60,2025-05-05T07:02:50,2025-05-05T19:17:11,0.25,Partially cloudy,Partly cloudy throughout the day.,partly-cloudy-day,"48647099999,48650099999,WMSA,MYI0000WMKK,MYI0000WMSA,WMKK"
Malaysia,2025-05-06,93,76.8,84.5,106.9,76.8,92.4,76.3,77.5,0,0,0,rain,0,0,16.6,9.5,300.4,1008.2,40.7,6.2,252.7,21.8,8,60,2025-05-06T07:02:41,2025-05-06T19:17:11,0.28,Partially cloudy,Partly cloudy throughout the day.,partly-cloudy-day,"48647099999,48650099999,WMSA,MYI0000WMKK,MYI0000WMSA,WMKK"
Malaysia,2025-05-07,92.5,77,84.6,106.1,77,93.8,76.3,76.9,0.097,100,4.17,rain,0,0,24.2,7.3,296.1,1007.6,40.8,6.1,225.8,19.5,8,60,2025-05-07T07:02:33,2025-05-07T19:17:11,0.31,"Rain, Partially cloudy",Partly cloudy throughout the day with morning rain.,rain,"48647099999,48650099999,WMSA,MYI0000WMKK,MYI0000WMSA,WMKK"
Malaysia,2025-05-08,92.7,78.6,84.1,106.7,78.6,92.4,76.9,80,0,0,0,rain,0,0,13.9,9.5,303.9,1007.7,40.3,5.9,210.8,18.3,7,60,2025-05-08T07:02:25,2025-05-08T19:17:12,0.35,Partially cloudy,Partly cloudy throughout the day.,partly-cloudy-day,"48647099999,48650099999,WMSA,MYI0000WMKK,MYI0000WMSA,WMKK"
Malaysia,2025-05-09,92.6,78.6,84.6,107.2,78.6,93,76.9,78.9,0,0,0,,0,0,14.3,7.5,276.1,1008.4,40.6,6.1,243.9,20.9,9,60,2025-05-09T07:02:18,2025-05-09T19:17:13,0.38,Partially cloudy,Partly cloudy throughout the day.,partly-cloudy-day,"48647099999,48650099999,WMSA,MYI0000WMKK,MYI0000WMSA,WMKK"
Malaysia,2025-05-10,94.6,80.3,85.8,109,86.3,95.8,76.8,75.7,0,0,0,rain,0,0,14.3,7.8,265.2,1007.8,40.4,6.1,241.4,20.7,8,75,2025-05-10T07:02:12,2025-05-10T19:17:15,0.41,Partially cloudy,Partly cloudy throughout the day.,partly-cloudy-day,"48647099999,48650099999,WMSA,MYI0000WMKK,MYI0000WMSA,WMKK"
Malaysia,2025-05-11,92.9,78.6,83.2,106.7,78.6,90.8,76.2,80.3,0.001,100,4.17,rain,0,0,17.2,10.8,300.8,1007.8,40.8,6.1,202.3,17.3,8,30,2025-05-11T07:02:06,2025-05-11T19:17:17,0.45,"Rain, Partially cloudy",Partly cloudy throughout the day with morning rain.,rain,"48647099999,48650099999,WMSA,MYI0000WMKK,MYI0000WMSA,WMKK"
Malaysia,2025-05-12,92.7,76.8,82.3,104.6,76.8,87.9,76.2,82.7,2.478,100,8.33,rain,0,0,27.7,12.9,301.7,1007.2,41.1,5.9,214.1,18.6,8,75,2025-05-12T07:02:01,2025-05-12T19:17:20,0.48,"Rain, Partially cloudy",Partly cloudy throughout the day with rain.,rain,"48647099999,48650099999,WMSA,MYI0000WMKK,MYI0000WMSA,WMKK"
Malaysia,2025-05-13,94.6,78.5,84.1,106.6,78.5,92,76.8,79.9,0.035,100,4.17,rain,0,0,24.2,10.9,247.9,1007.5,38.8,6.2,230.8,20,9,60,2025-05-13T07:01:56,2025-05-13T19:17:23,0.5,"Rain, Partially cloudy",Partly cloudy throughout the day with early morning rain.,rain,"48647099999,48650099999,WMSA,MYI0000WMKK,MYI0000WMSA,WMKK"
Malaysia,2025-05-14,94.5,75.4,85.9,106.5,75.4,94.5,75.1,71.6,0,0,0,,0,0,19.7,9.7,203.7,1008.4,40.7,6.2,203.4,17.7,8,60,2025-05-14T07:01:52,2025-05-14T19:17:27,0.55,Partially cloudy,Partly cloudy throughout the day.,partly-cloudy-day,"48647099999,48650099999,WMSA,MYI0000WMKK,MYI0000WMSA,WMKK"
Malaysia,2025-05-15,94.8,80.2,87.4,106.7,86,97.1,75.8,69.9,0,0,0,rain,0,0,16.6,9.3,190.9,1008.2,40.5,6.2,240.7,20.9,8,30,2025-05-15T07:01:49,2025-05-15T19:17:31,0.59,Partially cloudy,Partly cloudy throughout the day.,partly-cloudy-day,"48647099999,48650099999,WMSA,MYI0000WMKK,MYI0000WMSA,WMKK"
Malaysia,2025-05-16,93,82,87.4,102.6,88.8,96.2,74.6,66.8,0,0,0,rain,0,0,19.2,9.7,175.4,1008.2,41.4,6.2,177.6,15.3,6,30,2025-05-16T07:01:46,2025-05-16T19:17:36,0.62,Partially cloudy,Partly cloudy throughout the day.,partly-cloudy-day,"48647099999,48650099999,WMSA,MYI0000WMKK,MYI0000WMSA,WMKK"
Malaysia,2025-05-17,94.8,80.2,87.1,106.6,85.3,95.7,74.7,67.8,0,0,0,rain,0,0,15.9,9.4,227.2,1007.8,39.4,6.3,227.9,19.6,9,60,2025-05-17T07:01:44,2025-05-17T19:17:41,0.65,Partially cloudy,Partly cloudy throughout the day.,partly-cloudy-day,"48647099999,48650099999,WMSA,MYI0000WMKK,MYI0000WMSA,WMKK"
Malaysia,2025-05-18,92.6,75.6,83.9,106.8,75.6,92.6,76.3,78.7,0,0,0,rain,0,0,15.9,10.6,277.2,1008.4,41.7,6,211.2,18.3,8,60,2025-05-18T07:01:43,2025-05-18T19:17:47,0.69,Partially cloudy,Partly cloudy throughout the day.,partly-cloudy-day,"48647099999,48650099999,WMSA,MYI0000WMKK,MYI0000WMSA,WMKK"
Malaysia,2025-05-19,91,77.2,82.1,104.6,77.2,88.3,76.8,84.7,1.288,100,4.17,rain,0,0,14.1,10.3,261,1008,42,5.8,197.2,17,7,30,2025-05-19T07:01:42,2025-05-19T19:17:53,0.72,"Rain, Partially cloudy",Partly cloudy throughout the day with early morning rain.,rain,"48647099999,48650099999,WMSA,MYI0000WMKK,MYI0000WMSA,WMKK"
Malaysia,2025-05-20,91,78.5,81.5,102.3,78.5,86.7,76.7,86.1,0.386,100,8.33,rain,0,0,14.3,13,249.1,1007.9,43.9,5.9,192.4,16.6,7,60,2025-05-20T07:01:42,2025-05-20T19:18:00,0.75,"Rain, Partially cloudy",Partly cloudy throughout the day with rain.,rain,"48647099999,48650099999,WMSA,MYI0000WMKK,MYI0000WMSA,WMKK"
Malaysia,2025-05-21,89.2,78.2,82.5,102.1,78.2,89,76.9,83.8,0.327,100,8.33,rain,0,0,14.8,7.6,318.1,1008.3,40.7,5.7,180.6,15.6,8,30,2025-05-21T07:01:42,2025-05-21T19:18:07,0.79,"Rain, Partially cloudy",Partly cloudy throughout the day with rain.,rain,"48647099999,48650099999,WMSA,MYI0000WMKK,MYI0000WMSA,WMKK"
Malaysia,2025-05-22,92.8,78.8,84.9,104.8,78.8,93.2,76.4,77,0,0,0,rain,0,0,21.3,10.1,317.4,1007.7,40.9,6.1,224.8,19.6,7,60,2025-05-22T07:01:43,2025-05-22T19:18:15,0.83,Partially cloudy,Partly cloudy throughout the day.,partly-cloudy-day,"48647099999,48650099999,WMSA,MYI0000WMKK,MYI0000WMSA,WMKK"
Malaysia,2025-05-23,93.1,78.6,85.1,105.1,78.6,93.2,76,75.6,0,0,0,rain,0,0,19.5,12,335.2,1006.7,40.8,6.2,236.3,20.3,8,60,2025-05-23T07:01:45,2025-05-23T19:18:23,0.86,Partially cloudy,Partly cloudy throughout the day.,partly-cloudy-day,"48647099999,48650099999,WMSA,MYI0000WMKK,MYI0000WMSA,WMKK"
Malaysia,2025-05-24,95,80.4,87.1,107.5,85.8,96.9,75.9,70.7,0,0,0,rain,0,0,17.9,9.4,312.6,1006.3,40.4,6.2,245.9,21.3,9,60,2025-05-24T07:01:47,2025-05-24T19:18:31,0.9,Partially cloudy,Partly cloudy throughout the day.,partly-cloudy-day,"48647099999,48650099999,WMSA,MYI0000WMKK,MYI0000WMSA,WMKK"
Malaysia,2025-05-25,94.6,81.9,87.3,109.1,90.6,99.2,77.4,73.5,0.001,100,4.17,rain,0,0,19.2,11.9,303.6,1008,40.9,6.2,222.6,19.3,8,60,2025-05-25T07:01:50,2025-05-25T19:18:40,0.93,"Rain, Partially cloudy",Partly cloudy throughout the day with morning rain.,rain,"48647099999,48650099999,WMSA,MYI0000WMKK,MYI0000WMSA,WMKK"
Malaysia,2025-05-26,94.4,80.3,86.8,105,85.5,96.1,75.5,70.2,0,0,0,,0,0,14.8,10.5,317.2,1008.6,40.6,6.2,227.2,19.9,9,30,2025-05-26T07:01:54,2025-05-26T19:18:49,0.97,Partially cloudy,Partly cloudy throughout the day.,partly-cloudy-day,"48647099999,48650099999,WMSA,MYI0000WMKK,MYI0000WMSA,WMKK"
Malaysia,2025-05-27,94.7,82.1,87.5,109.1,89.3,98.3,76.4,70.6,0,0,0,rain,0,0,14.1,7.6,284.9,1008.4,40.6,6.2,217.5,18.9,8,60,2025-05-27T07:01:58,2025-05-27T19:18:59,0,Partially cloudy,Partly cloudy throughout the day.,partly-cloudy-day,"48647099999,48650099999,WMSA,MYI0000WMKK,MYI0000WMSA,WMKK"
Malaysia,2025-05-28,94.8,83.6,87.7,108.9,94.3,99.5,77.1,71.6,0,0,0,rain,0,0,12.1,8.4,221.8,1007.8,40.6,6,211.5,18.2,8,60,2025-05-28T07:02:02,2025-05-28T19:19:09,0.03,Partially cloudy,Partly cloudy throughout the day.,partly-cloudy-day,"48647099999,48650099999,WMSA,MYI0000WMKK,MYI0000WMSA,WMKK"
Malaysia,2025-05-29,85.6,79.7,82.9,94.3,79.7,89.8,74.9,77,0.005,100,4.17,rain,0,0,14.3,11.5,172.2,1009.5,40.7,6.2,134.4,11.5,6,30,2025-05-29T07:02:07,2025-05-29T19:19:19,0.07,"Rain, Partially cloudy",Partly cloudy throughout the day with afternoon rain.,rain,"48647099999,48650099999,WMSA,MYI0000WMKK,MYI0000WMSA,WMKK"
Malaysia,2025-05-30,94.8,78.4,86.2,106.4,78.4,92.4,73.5,67.5,0,0,0,,0,0,11.2,10.8,168.7,1010,40.4,6.2,129.5,11,5,60,2025-05-30T07:02:13,2025-05-30T19:19:30,0.1,Partially cloudy,Partly cloudy throughout the day.,partly-cloudy-day,"48647099999,48650099999,WMSA,MYI0000WMKK,MYI0000WMSA,WMKK"
Malaysia,2025-05-31,92.2,82,86,103.5,90,95.8,76,72.7,0,0,0,,0,0,17.4,10.8,187.8,1011.3,40.1,6.2,167,14.4,6,60,2025-05-31T07:02:19,2025-05-31T19:19:41,0.13,Partially cloudy,Partly cloudy throughout the day.,partly-cloudy-day,"48647099999,48650099999,WMSA,MYI0000WMKK,MYI0000WMSA,WMKK"
Malaysia,2025-06-01,96.4,80.2,87.2,104.7,84,93.4,71.9,61.9,0,0,0,,0,0,17.4,10.5,175.4,1010.6,40,6.3,254.3,21.8,9,60,2025-06-01T07:02:26,2025-06-01T19:19:52,0.17,Partially cloudy,Partly cloudy throughout the day.,partly-cloudy-day,"48647099999,48650099999,WMSA,MYI0000WMKK,MYI0000WMSA,WMKK"
Malaysia,2025-06-02,94.8,80.4,87,106.9,85.1,95.9,74.6,67.6,0,0,0,rain,0,0,15,8.7,236,1009.8,40.5,6.3,212.6,18.2,7,60,2025-06-02T07:02:33,2025-06-02T19:20:04,0.2,Partially cloudy,Partly cloudy throughout the day.,partly-cloudy-day,"48647099999,48650099999,WMSA,MYI0000WMKK,MYI0000WMSA,WMKK"
Malaysia,2025-06-03,92.9,79.8,85.5,106.5,79.8,93.8,75.2,72.1,0.05,100,8.33,rain,0,0,10.3,9.4,290.4,1009.6,39,6.1,204.3,17.8,7,60,2025-06-03T07:02:41,2025-06-03T19:20:16,0.25,"Rain, Partially cloudy",Partly cloudy throughout the day with rain in the morning and afternoon.,rain,"48647099999,48650099999,WMSA,MYI0000WMKK,MYI0000WMSA,WMKK"
Malaysia,2025-06-04,91.1,80.4,84.2,104.5,86.6,94,77.3,80.2,0,0,0,rain,0,0,17.4,6.8,224.4,1010.1,41.9,6.1,216.6,18.8,8,60,2025-06-04T07:02:49,2025-06-04T19:20:28,0.26,Partially cloudy,Partly cloudy throughout the day.,partly-cloudy-day,"48647099999,48650099999,WMSA,MYI0000WMKK,MYI0000WMSA,WMKK"
Malaysia,2025-06-05,91.4,78.6,84.2,102.5,78.6,92.5,76.4,78.3,0,0,0,,0,0,14.8,9.7,259.6,1010,40.6,5.7,195.3,16.9,7,30,2025-06-05T07:02:58,2025-06-05T19:20:40,0.3,Partially cloudy,Partly cloudy throughout the day.,partly-cloudy-day,"48647099999,48650099999,WMSA,MYI0000WMKK,MYI0000WMSA,WMKK"
Malaysia,2025-06-06,92.6,78.4,84.3,102.3,78.4,91,75.2,75.7,0,0,0,rain,0,0,26.4,11.9,301.1,1010.3,40.8,6,124.4,10.9,6,30,2025-06-06T07:03:07,2025-06-06T19:20:53,0.33,Partially cloudy,Partly cloudy throughout the day.,partly-cloudy-day,"48647099999,48650099999,WMSA,MYI0000WMKK,MYI0000WMSA,WMKK"
Malaysia,2025-06-07,89.2,78.6,83.8,99.4,78.6,91.3,75.6,77.1,0.044,100,4.17,rain,0,0,17.9,10.4,270.7,1010.4,40.7,6.1,192.9,16.5,7,30,2025-06-07T07:03:16,2025-06-07T19:21:06,0.36,"Rain, Partially cloudy",Partly cloudy throughout the day with afternoon rain.,rain,"48647099999,48650099999,WMSA,MYI0000WMKK,MYI0000WMSA,WMKK"
Malaysia,2025-06-08,94.3,75,83.3,103.5,75,88.1,73.1,73.5,0.056,100,4.17,rain,0,0,31.1,10.5,298.7,1009.3,38.8,6.2,274.5,23.8,9,30,2025-06-08T07:03:26,2025-06-08T19:21:19,0.4,"Rain, Partially cloudy",Partly cloudy throughout the day with morning rain.,rain,"48647099999,48650099999,WMSA,MYI0000WMKK,MYI0000WMSA,WMKK"
Malaysia,2025-06-09,93.4,78.5,86.1,106.2,78.5,93.9,74.9,70.7,0,0,0,rain,0,0,21.9,8.7,288.5,1007.8,40,6.2,251.9,21.7,8,60,2025-06-09T07:03:36,2025-06-09T19:21:32,0.43,Partially cloudy,Partly cloudy throughout the day.,partly-cloudy-day,"48647099999,48650099999,WMSA,MYI0000WMKK,MYI0000WMSA,WMKK"
Malaysia,2025-06-10,89.2,75.2,82.4,99.3,75.2,87.8,74.8,79.1,0.01,100,4.17,rain,0,0,30,10.8,236.4,1008.2,43.5,5.8,149.5,12.7,6,30,2025-06-10T07:03:47,2025-06-10T19:21:45,0.46,"Rain, Partially cloudy",Partly cloudy throughout the day with morning rain.,rain,"48647099999,48650099999,WMSA,MYI0000WMKK,MYI0000WMSA,WMKK"
Malaysia,2025-06-11,94.6,80,86.3,97.8,80,90.4,70.2,61.6,0,0,0,,0,0,17.9,8.8,225.7,1007.2,40,6.3,271.5,23.6,9,10,2025-06-11T07:03:57,2025-06-11T19:21:58,0.5,Partially cloudy,Partly cloudy throughout the day.,partly-cloudy-day,"48647099999,48650099999,WMSA,MYI0000WMKK,MYI0000WMSA,WMKK"
Malaysia,2025-06-12,94.6,78.3,86.8,102.7,78.3,93.2,72.7,64.3,0,0,0,rain,0,0,18.8,7.6,241.6,1007.8,38.8,6.3,260.2,22.3,9,30,2025-06-12T07:04:09,2025-06-12T19:22:12,0.53,Partially cloudy,Partly cloudy throughout the day.,partly-cloudy-day,"48647099999,48650099999,WMSA,MYI0000WMKK,MYI0000WMSA,WMKK"
Malaysia,2025-06-13,93,80.6,87,104.5,86.1,95.8,74.9,68.4,0,0,0,,0,0,16.8,9.8,184.3,1008.6,40.2,6.1,238.3,20.8,8,30,2025-06-13T07:04:20,2025-06-13T19:22:25,0.57,Partially cloudy,Partly cloudy throughout the day.,partly-cloudy-day,"48647099999,48650099999,WMSA,MYI0000WMKK,MYI0000WMSA,WMKK"
Malaysia,2025-06-14,93,80.6,86.9,104.8,86.2,96.3,75.3,69.3,0,0,0,rain,0,0,17.2,12.1,193.8,1009.2,41.5,6.2,241,20.8,8,60,2025-06-14T07:04:32,2025-06-14T19:22:39,0.6,Partially cloudy,Partly cloudy throughout the day.,partly-cloudy-day,"48647099999,48650099999,WMSA,MYI0000WMKK,MYI0000WMSA,WMKK"
Malaysia,2025-06-15,95.9,78,85.1,106.8,78,93.4,76,75.9,0.049,100,4.17,rain,0,0,13.6,8.7,253.5,1008.5,42.2,6.1,214.7,18.5,8,30,2025-06-15T07:04:44,2025-06-15T19:22:52,0.64,"Rain, Partially cloudy",Partly cloudy throughout the day with morning rain.,rain,"48647099999,48650099999,WMSA,MYI0000WMKK,MYI0000WMSA,WMKK"
Malaysia,2025-06-16,91.1,76.8,81.7,102.3,76.8,87.4,75.9,83,0.997,100,8.33,rain,0,0,33.3,9.5,318,1009.8,42.6,5.8,196.9,17.1,8,60,2025-06-16T07:04:56,2025-06-16T19:23:06,0.67,"Rain, Partially cloudy",Partly cloudy throughout the day with rain clearing later.,rain,"48647099999,48650099999,WMSA,MYI0000WMKK,MYI0000WMSA,WMKK"
Malaysia,2025-06-17,91.2,76.8,83.4,101.8,76.8,89.2,75.4,78,0.014,100,4.17,rain,0,0,18.8,10.5,312.1,1010.8,41.2,6,205.1,17.6,6,30,2025-06-17T07:05:08,2025-06-17T19:23:19,0.71,"Rain, Partially cloudy",Partly cloudy throughout the day with early morning rain.,rain,"48647099999,48650099999,WMSA,MYI0000WMKK,MYI0000WMSA,WMKK"
Malaysia,2025-06-18,92.7,76.6,83.9,100.1,76.6,87.9,72.7,71.5,0.229,100,4.17,rain,0,0,18.6,7.8,305.3,1010.5,40.5,6.1,219,19.1,9,10,2025-06-18T07:05:21,2025-06-18T19:23:33,0.74,"Rain, Partially cloudy",Partly cloudy throughout the day with morning rain.,rain,"48647099999,48650099999,WMSA,MYI0000WMKK,MYI0000WMSA,WMKK"
Malaysia,2025-06-19,94.2,80.2,85.4,104.6,85.2,93.8,75.3,72.8,0.007,100,4.17,rain,0,0,14.1,7.7,302.3,1009.5,40.4,6.2,145.5,12.6,5,10,2025-06-19T07:05:34,2025-06-19T19:23:46,0.75,"Rain, Partially cloudy",Partly cloudy throughout the day with early morning rain.,rain,"48647099999,48650099999,WMSA,MYI0000WMKK,MYI0000WMSA,WMKK"
Malaysia,2025-06-20,86.1,75,81.3,93.7,75,86.7,74.5,80.2,0.016,100,4.17,rain,0,0,17.4,9.9,279.6,1010.6,42.3,5.9,188.1,16.1,8,30,2025-06-20T07:05:47,2025-06-20T19:23:59,0.81,"Rain, Partially cloudy",Partly cloudy throughout the day with morning rain.,rain,"48647099999,48650099999,WMSA,MYI0000WMKK,MYI0000WMSA,WMKK"
Malaysia,2025-06-21,91,76.7,83.1,99.8,76.7,88.3,73.8,74.9,0.164,100,4.17,rain,0,0,19,6.7,277.1,1009.8,40.3,6.2,214,18.6,8,10,2025-06-21T07:06:00,2025-06-21T19:24:12,0.85,"Rain, Partially cloudy",Partly cloudy throughout the day with morning rain.,rain,"48647099999,48650099999,WMSA,MYI0000WMKK,MYI0000WMSA,WMKK"
Malaysia,2025-06-22,94.2,78.1,84.6,100.6,78.1,89.4,72.9,69.9,0,0,0,,0,0,16.1,6.5,295.8,1009.5,38.4,6.1,255,22.1,9,10,2025-06-22T07:06:13,2025-06-22T19:24:25,0.88,Partially cloudy,Partly cloudy throughout the day.,partly-cloudy-day,"48647099999,48650099999,WMSA,MYI0000WMKK,MYI0000WMSA,WMKK"
Malaysia,2025-06-23,93.9,78.7,85.6,105.7,78.7,93.2,74.9,71.7,0,0,0,rain,0,0,18.3,7.5,291.2,1009.1,40.3,6.1,232.9,20,8,30,2025-06-23T07:06:26,2025-06-23T19:24:38,0.92,Partially cloudy,Partly cloudy throughout the day.,partly-cloudy-day,"48647099999,48650099999,WMSA,MYI0000WMKK,MYI0000WMSA,WMKK"
Malaysia,2025-06-24,92.5,80.4,85.7,104.2,85.5,94.3,75.3,72.1,0,0,0,rain,0,0,14.3,8.7,185.9,1009.2,40.4,6.1,234.4,20.2,8,30,2025-06-24T07:06:39,2025-06-24T19:24:50,0.95,Partially cloudy,Partly cloudy throughout the day.,partly-cloudy-day,"48647099999,48650099999,WMSA,MYI0000WMKK,MYI0000WMSA,WMKK"
Malaysia,2025-06-25,91.6,79.9,84.9,102.6,79.9,92.6,75,73.2,0.043,100,4.17,rain,0,0,18.1,12.8,161.1,1009.5,41,6.1,212,18.3,8,30,2025-06-25T07:06:52,2025-06-25T19:25:03,0,"Rain, Partially cloudy",Partly cloudy throughout the day with afternoon rain.,rain,"48647099999,48650099999,WMSA,MYI0000WMKK,MYI0000WMSA,WMKK"
Malaysia,2025-06-26,92.6,82,86.1,103.8,87.7,93.9,73.9,67.5,0,0,0,rain,0,0,17.9,14.2,162,1009.2,40.7,6.1,209.6,17.9,8,60,2025-06-26T07:07:05,2025-06-26T19:25:15,0.02,Partially cloudy,Partly cloudy throughout the day.,partly-cloudy-day,"48647099999,48650099999,WMSA,MYI0000WMKK,MYI0000WMSA,WMKK"
Malaysia,2025-06-27,90.9,80.4,83,101.9,85,90.3,75.3,78.2,0,0,0,,0,0,13.9,9,159.6,1009.2,40.5,6.2,163.7,14.1,5,60,2025-06-27T07:07:19,2025-06-27T19:25:27,0.06,Partially cloudy,Partly cloudy throughout the day.,partly-cloudy-day,"48647099999,48650099999,WMSA,MYI0000WMKK,MYI0000WMSA,WMKK"
Malaysia,2025-06-28,92.7,78.8,84.8,101.9,78.8,90.9,74.1,72.1,0.125,100,4.17,rain,0,0,17,9.5,212.4,1009.1,40.8,6,222.3,19,8,60,2025-06-28T07:07:32,2025-06-28T19:25:38,0.09,"Rain, Partially cloudy",Partly cloudy throughout the day with morning rain.,rain,"48647099999,48650099999,WMSA,MYI0000WMKK,MYI0000WMSA,WMKK"
Malaysia,2025-06-29,94.6,76.6,84.3,102.3,76.6,88.7,71.9,68.2,0.005,100,4.17,rain,0,0,11.4,13.5,197.3,1008.4,40.3,6.2,232.7,20,9,10,2025-06-29T07:07:45,2025-06-29T19:25:49,0.12,"Rain, Partially cloudy",Partly cloudy throughout the day with morning rain.,rain,"48647099999,48650099999,WMSA,MYI0000WMKK,MYI0000WMSA,WMKK"
Malaysia,2025-06-30,91.2,78.3,84.4,102,78.3,91.4,74.3,72.5,0.048,100,4.17,rain,0,0,16.6,8.5,242.1,1008,40.9,6.2,235.3,20.3,8,30,2025-06-30T07:07:58,2025-06-30T19:26:00,0.15,"Rain, Partially cloudy",Partly cloudy throughout the day with morning rain.,rain,"48647099999,48650099999,WMSA,MYI0000WMKK,MYI0000WMSA,WMKK"
Malaysia,2025-07-01,92.5,78.4,84.7,104,78.4,91.4,75,73.7,0,0,0,rain,0,0,15,7.6,256.2,1008.7,40.4,6.1,232.6,20.1,8,60,2025-07-01T07:08:10,2025-07-01T19:26:11,0.19,Partially cloudy,Partly cloudy throughout the day.,partly-cloudy-day,"48647099999,48650099999,WMSA,MYI0000WMKK,MYI0000WMSA,WMKK"
Malaysia,2025-07-02,89.1,76.5,81.4,97.6,76.5,86.2,75.9,83.9,0,0,0,rain,0,0,12.3,10.4,249.4,1009.5,40.3,5.7,166,14.2,6,30,2025-07-02T07:08:23,2025-07-02T19:26:21,0.22,Partially cloudy,Partly cloudy throughout the day.,partly-cloudy-day,"48647099999,48650099999,WMSA,MYI0000WMKK,MYI0000WMSA,WMKK"
Malaysia,2025-07-03,91,78.4,82.8,101.8,78.4,88.3,75.7,80.1,0.008,100,4.17,rain,0,0,13.6,9.5,227.4,1010,40.6,6.1,192.3,16.6,8,30,2025-07-03T07:08:35,2025-07-03T19:26:31,0.25,"Rain, Partially cloudy",Partly cloudy throughout the day with late afternoon rain.,rain,"48647099999,48650099999,WMSA,MYI0000WMKK,MYI0000WMSA,WMKK"
Malaysia,2025-07-04,88.9,76.8,82.4,99,76.8,87.6,74.8,78.6,0.007,100,4.17,rain,0,0,18.1,8.7,263.4,1010.3,40.6,6,227.1,19.5,8,30,2025-07-04T07:08:48,2025-07-04T19:26:40,0.28,"Rain, Partially cloudy",Partly cloudy throughout the day with morning rain.,rain,"48647099999,48650099999,WMSA,MYI0000WMKK,MYI0000WMSA,WMKK"
Malaysia,2025-07-05,91,78.4,83.6,103.1,78.4,89.3,74.5,75,0.1,100,4.17,rain,0,0,17,9.4,258.2,1009.3,40.5,6.2,253.3,21.8,9,60,2025-07-05T07:09:00,2025-07-05T19:26:49,0.32,"Rain, Partially cloudy",Partly cloudy throughout the day with morning rain.,rain,"48647099999,48650099999,WMSA,MYI0000WMKK,MYI0000WMSA,WMKK"
Malaysia,2025-07-06,91,77,84,101.9,77,90,74.6,74.3,0,0,0,rain,0,0,16.8,8.7,221.1,1009.4,40.4,6.2,238.9,20.6,9,60,2025-07-06T07:09:12,2025-07-06T19:26:57,0.35,Partially cloudy,Partly cloudy throughout the day.,partly-cloudy-day,"48647099999,48650099999,WMSA,MYI0000WMKK,MYI0000WMSA,WMKK"
Malaysia,2025-07-07,93,78.6,85.3,102.2,78.6,91.5,73.4,68.9,0,0,0,,0,0,18.6,10.7,176.5,1009.2,39.7,6.3,242.6,20.9,8,60,2025-07-07T07:09:23,2025-07-07T19:27:05,0.38,Partially cloudy,Partly cloudy throughout the day.,partly-cloudy-day,"48647099999,48650099999,WMSA,MYI0000WMKK,MYI0000WMSA,WMKK"
Malaysia,2025-07-08,91.2,79.1,84.8,101.7,79.1,91.9,74,70.5,0,0,0,,0,0,13.9,9.7,273.5,1010.3,40.3,6.2,196.8,16.9,7,30,2025-07-08T07:09:34,2025-07-08T19:27:13,0.41,Partially cloudy,Partly cloudy throughout the day.,partly-cloudy-day,"48647099999,48650099999,WMSA,MYI0000WMKK,MYI0000WMSA,WMKK"
Malaysia,2025-07-09,96.2,80,86.4,104.3,80,92.8,73.2,66.7,0,0,0,rain,0,0,22.6,8.5,241.4,1009.6,39.5,6.3,263.9,22.6,9,30,2025-07-09T07:09:45,2025-07-09T19:27:20,0.45,Partially cloudy,Partly cloudy throughout the day.,partly-cloudy-day,"48647099999,48650099999,WMSA,MYI0000WMKK,MYI0000WMSA,WMKK"
Malaysia,2025-07-10,94.5,78.6,86.8,99.4,78.6,91.6,71.2,62.3,0,0,0,,0,0,23,10.9,279.8,1008.1,39.7,6.2,246.3,21.3,9,30,2025-07-10T07:09:56,2025-07-10T19:27:26,0.48,Partially cloudy,Partly cloudy throughout the day.,partly-cloudy-day,"48647099999,48650099999,WMSA,MYI0000WMKK,MYI0000WMSA,WMKK"
Malaysia,2025-07-11,96.2,78.4,86.7,105.1,78.4,93.1,72.8,64.7,0,0,0,,0,0,25.7,9.7,308.7,1006.7,40.3,6.2,259.2,22.4,8,30,2025-07-11T07:10:06,2025-07-11T19:27:32,0.5,Partially cloudy,Partly cloudy throughout the day.,partly-cloudy-day,"48647099999,48650099999,WMSA,MYI0000WMKK,MYI0000WMSA,WMKK"
Malaysia,2025-07-12,89.1,76.6,83,99.2,76.6,89,74.7,76.9,0.001,100,4.17,rain,0,0,15.2,8.6,172.1,1008.5,41.2,6,153.1,13.3,6,30,2025-07-12T07:10:16,2025-07-12T19:27:37,0.55,"Rain, Partially cloudy",Partly cloudy throughout the day with afternoon rain.,rain,"48647099999,48650099999,WMSA,MYI0000WMKK,MYI0000WMSA,WMKK"
Malaysia,2025-07-13,92.6,80.2,84.9,104,85.3,92.5,74.7,72.5,0,0,0,rain,0,0,17.9,7.4,188.5,1009.1,42.4,6.2,160.7,13.7,6,30,2025-07-13T07:10:26,2025-07-13T19:27:42,0.58,Partially cloudy,Partly cloudy throughout the day.,partly-cloudy-day,"48647099999,48650099999,WMSA,MYI0000WMKK,MYI0000WMSA,WMKK"
Malaysia,2025-07-14,89.5,80.2,85.1,99.4,85.1,92.5,74.1,70.5,0.032,100,4.17,rain,0,0,19.7,10.7,179.7,1009.2,40.8,6.2,190.8,16.5,8,30,2025-07-14T07:10:35,2025-07-14T19:27:46,0.62,"Rain, Partially cloudy",Partly cloudy throughout the day with morning rain.,rain,"48647099999,48650099999,WMSA,MYI0000WMKK,MYI0000WMSA,WMKK"
Malaysia,2025-07-15,91,80.1,85.5,98.1,83.9,91.7,72.4,65.5,0.003,100,4.17,rain,0,0,24.8,7.8,176.1,1008.8,38.5,6.2,188.1,16.2,8,30,2025-07-15T07:10:44,2025-07-15T19:27:50,0.65,"Rain, Partially cloudy",Partly cloudy throughout the day with morning rain.,rain,"48647099999,48650099999,WMSA,MYI0000WMKK,MYI0000WMSA,WMKK"
Malaysia,2025-07-16,92.7,82,86.7,102.2,88.6,94.5,73.9,66.8,0,0,0,,0,0,19.7,9.8,182.4,1008.6,40.5,6.2,245.5,21.1,8,10,2025-07-16T07:10:53,2025-07-16T19:27:53,0.69,Partially cloudy,Partly cloudy throughout the day.,partly-cloudy-day,"48647099999,48650099999,WMSA,MYI0000WMKK,MYI0000WMSA,WMKK"
Malaysia,2025-07-17,92.1,80.2,85.6,99.8,85,92,72.8,66.9,0,0,0,,0,0,17.4,9.5,207.3,1008.8,40,6.1,201.2,17.4,7,10,2025-07-17T07:11:01,2025-07-17T19:27:55,0.73,Partially cloudy,Partly cloudy throughout the day.,partly-cloudy-day,"48647099999,48650099999,WMSA,MYI0000WMKK,MYI0000WMSA,WMKK"
Malaysia,2025-07-18,96.2,76.8,86.1,101.8,76.8,90.1,71.1,63.3,0,0,0,,0,0,23,7.6,245.4,1008.3,39.8,6.3,285.9,24.6,9,10,2025-07-18T07:11:08,2025-07-18T19:27:57,0.75,Partially cloudy,Partly cloudy throughout the day.,partly-cloudy-day,"48647099999,48650099999,WMSA,MYI0000WMKK,MYI0000WMSA,WMKK"
Malaysia,2025-07-19,94.6,79.9,86.6,97.7,79.9,91.4,70.6,60.8,0,0,0,,0,0,27.1,12.7,239.4,1006.9,39.8,6,272.5,23.3,9,10,2025-07-19T07:11:15,2025-07-19T19:27:58,0.8,Partially cloudy,Partly cloudy throughout the day.,partly-cloudy-day,"48647099999,48650099999,WMSA,MYI0000WMKK,MYI0000WMSA,WMKK"
Malaysia,2025-07-20,92.8,80,85.8,98.1,80,90.9,71.2,62.9,0,0,0,,0,0,30.4,12.6,230,1007.1,40,5.9,259.1,22.3,9,10,2025-07-20T07:11:22,2025-07-20T19:27:59,0.83,Partially cloudy,Partly cloudy throughout the day.,partly-cloudy-day,"48647099999,48650099999,WMSA,MYI0000WMKK,MYI0000WMSA,WMKK"
Malaysia,2025-07-21,94.4,80.2,87.1,99.3,84.6,92.5,71.2,61,0,0,0,,0,0,23.9,9.6,241.5,1008.1,40,5.8,248.4,21.4,9,10,2025-07-21T07:11:28,2025-07-21T19:27:59,0.87,Partially cloudy,Partly cloudy throughout the day.,partly-cloudy-day,"48647099999,48650099999,WMSA,MYI0000WMKK,MYI0000WMSA,WMKK"
Malaysia,2025-07-22,89.1,78.6,83.9,99.4,78.6,90.2,73.8,72.4,0.278,100,4.17,rain,0,0,24.2,8.5,301.9,1007.7,40.6,5.6,225.1,19.5,8,10,2025-07-22T07:11:34,2025-07-22T19:27:58,0.91,"Rain, Partially cloudy",Partly cloudy throughout the day with afternoon rain.,rain,"48647099999,48650099999,WMSA,MYI0000WMKK,MYI0000WMSA,WMKK"
Malaysia,2025-07-23,91,79.8,84.9,102.2,79.8,91.4,74,70.5,0,0,0,,0,0,17.9,10.7,212.3,1006.8,40,5.3,250.1,21.4,8,10,2025-07-23T07:11:39,2025-07-23T19:27:57,0.94,Partially cloudy,Partly cloudy throughout the day.,partly-cloudy-day,"48647099999,48650099999,WMSA,MYI0000WMKK,MYI0000WMSA,WMKK"
Malaysia,2025-07-24,91.1,78.6,84.9,104,78.6,92.6,74.9,72.8,0,0,0,,0,0,17,9.5,245.1,1007.3,40.6,5.4,231.7,20,8,30,2025-07-24T07:11:44,2025-07-24T19:27:54,0.98,Partially cloudy,Partly cloudy throughout the day.,partly-cloudy-day,"48647099999,48650099999,WMSA,MYI0000WMKK,MYI0000WMSA,WMKK"
Malaysia,2025-07-25,89.3,80.2,84.4,98,85.3,92.4,75.3,74.8,0.007,100,4.17,rain,0,0,14.3,8.7,188.6,1008.2,40.3,5.2,180.9,15.8,7,30,2025-07-25T07:11:48,2025-07-25T19:27:52,0,"Rain, Partially cloudy",Partly cloudy throughout the day with morning rain.,rain,"48647099999,48650099999,WMSA,MYI0000WMKK,MYI0000WMSA,WMKK"
Malaysia,2025-07-26,92.3,78.7,85.1,102.2,78.7,93.6,76.1,75.6,0,0,0,rain,0,0,16.8,9.5,237.1,1009.3,40.5,5.2,197.7,17.1,8,30,2025-07-26T07:11:52,2025-07-26T19:27:48,0.04,Partially cloudy,Partly cloudy throughout the day.,partly-cloudy-day,"48647099999,48650099999,WMSA,MYI0000WMKK,MYI0000WMSA,WMKK"
Malaysia,2025-07-27,92.8,80.2,84.2,102.4,85.8,92.3,75.7,76.5,0,0,0,rain,0,0,13.4,6.7,247.1,1009.6,39.9,5.4,232.7,20,8,30,2025-07-27T07:11:55,2025-07-27T19:27:44,0.08,Partially cloudy,Partly cloudy throughout the day.,partly-cloudy-day,"48647099999,48650099999,WMSA,MYI0000WMKK,MYI0000WMSA,WMKK"
Malaysia,2025-07-28,94.4,76.8,85.2,106.3,76.8,91.2,74.4,72.1,0.111,100,4.17,rain,0,0,12.3,8.7,217.6,1008.9,40.4,6,292.9,25.2,10,30,2025-07-28T07:11:57,2025-07-28T19:27:39,0.11,"Rain, Partially cloudy",Partly cloudy throughout the day with morning rain.,rain,"48647099999,48650099999,WMSA,MYI0000WMKK,MYI0000WMSA,WMKK"
Malaysia,2025-07-29,92.8,80.6,85.9,102.6,86.2,95.2,75.7,72.4,0.02,100,8.33,rain,0,0,19,11.1,189.9,1008.2,37.1,5.9,227.2,19.6,8,30,2025-07-29T07:11:59,2025-07-29T19:27:34,0.14,"Rain, Partially cloudy",Partly cloudy throughout the day with rain in the morning and afternoon.,rain,"48647099999,48650099999,WMSA,MYI0000WMKK,MYI0000WMSA,WMKK"
Malaysia,2025-07-30,92.5,78.1,85.4,102.4,78.1,93.4,75.2,72.7,0.205,100,4.17,rain,0,0,25.3,8.8,197.5,1009.3,42.4,6.1,189.7,16.4,7,30,2025-07-30T07:12:01,2025-07-30T19:27:28,0.17,"Rain, Partially cloudy",Partly cloudy throughout the day with morning rain.,rain,"48647099999,48650099999,WMSA,MYI0000WMKK,MYI0000WMSA,WMKK"
Malaysia,2025-07-31,94.4,80.2,86.4,104.3,86.1,94.8,75,70.3,0,0,0,rain,0,0,18.1,9.8,186.5,1008.6,40.2,6,239.8,20.7,8,30,2025-07-31T07:12:02,2025-07-31T19:27:21,0.2,Partially cloudy,Partly cloudy throughout the day.,partly-cloudy-day,"48647099999,48650099999,WMSA,MYI0000WMKK,MYI0000WMSA,WMKK"
Malaysia,2025-08-01,89.4,79.9,83.4,102.1,79.9,92,76.5,80.2,1.705,100,4.17,rain,0,0,20.1,7.9,198.6,1008.3,41.9,5.9,174.4,15.2,7,30,2025-08-01T07:12:02,2025-08-01T19:27:13,0.25,"Rain, Partially cloudy",Partly cloudy throughout the day with late afternoon rain.,rain,"48647099999,48650099999,WMSA,MYI0000WMKK,MYI0000WMSA,WMKK"
Malaysia,2025-08-02,92.8,80.2,86.2,101.3,84.7,93.2,73.5,67.6,0,0,0,,0,0,19.5,11.2,178.2,1008.5,40.1,6.2,218.5,19,7,30,2025-08-02T07:12:02,2025-08-02T19:27:05,0.27,Partially cloudy,Partly cloudy throughout the day.,partly-cloudy-day,"48647099999,48650099999,WMSA,MYI0000WMKK,MYI0000WMSA,WMKK"
Malaysia,2025-08-03,92.8,80.2,86,100.1,84.9,92.4,72.7,65.8,0,0,0,rain,0,0,16.8,12.2,204.8,1009.5,40.2,6.2,241.8,20.7,8,60,2025-08-03T07:12:02,2025-08-03T19:26:57,0.3,Partially cloudy,Partly cloudy throughout the day.,partly-cloudy-day,"48647099999,48650099999,WMSA,MYI0000WMKK,MYI0000WMSA,WMKK"
Malaysia,2025-08-04,90.4,74.7,81,99.7,74.7,85.8,73.7,79.4,0,0,0,rain,0,0,21.3,10.5,270.3,1010.5,43.1,5.9,172.7,14.8,8,30,2025-08-04T07:12:00,2025-08-04T19:26:47,0.33,Partially cloudy,Partly cloudy throughout the day.,partly-cloudy-day,"48647099999,48650099999,WMSA,MYI0000WMKK,MYI0000WMSA,WMKK"
Malaysia,2025-08-05,94.1,75,81.7,105.8,75,86.7,73.9,78.7,1.134,100,12.5,rain,0,0,11.6,10.6,262.7,1009.9,41,6.1,203.4,17.5,8,10,2025-08-05T07:11:59,2025-08-05T19:26:37,0.37,"Rain, Partially cloudy",Partly cloudy throughout the day with rain.,rain,"48647099999,48650099999,WMSA,MYI0000WMKK,MYI0000WMSA,WMKK"
Malaysia,2025-08-06,87.3,78.6,82.2,96.9,78.6,88.2,75.8,81.4,0,0,0,rain,0,0,16.6,9.6,310.4,1009.5,41.5,5.8,218.1,18.8,7,30,2025-08-06T07:11:56,2025-08-06T19:26:26,0.4,Partially cloudy,Partly cloudy throughout the day.,partly-cloudy-day,"48647099999,48650099999,WMSA,MYI0000WMKK,MYI0000WMSA,WMKK"
Malaysia,2025-08-07,92.8,78.5,84.7,102.3,78.5,90.9,74.6,73.3,0,0,0,,0,0,15.9,7.5,216.4,1009.4,41.2,6.2,260.8,22.4,9,30,2025-08-07T07:11:54,2025-08-07T19:26:15,0.43,Partially cloudy,Partly cloudy throughout the day.,partly-cloudy-day,"48647099999,48650099999,WMSA,MYI0000WMKK,MYI0000WMSA,WMKK"
Malaysia,2025-08-08,92.9,77.7,83.1,104.4,77.7,88.2,75.1,78.3,0,0,0,rain,0,0,16.8,8.5,265.5,1010.3,40.5,5.7,237.6,20.3,8,30,2025-08-08T07:11:50,2025-08-08T19:26:03,0.46,Partially cloudy,Partly cloudy throughout the day.,partly-cloudy-day,"48647099999,48650099999,WMSA,MYI0000WMKK,MYI0000WMSA,WMKK"
Malaysia,2025-08-09,92.9,76.8,82.7,104.3,76.8,87.4,75.1,79.3,0.104,100,4.17,rain,0,0,15.4,9.7,291.5,1011.1,40.5,5.8,264.8,22.9,9,30,2025-08-09T07:11:46,2025-08-09T19:25:50,0.5,"Rain, Partially cloudy",Partly cloudy throughout the day with morning rain.,rain,"48647099999,48650099999,WMSA,MYI0000WMKK,MYI0000WMSA,WMKK"
Malaysia,2025-08-10,87.1,77.1,80.2,95.2,77.1,82.6,74.7,83.8,0.014,100,4.17,rain,0,0,19.9,13.5,281.3,1010.9,40.4,5.6,174.7,15.1,6,30,2025-08-10T07:11:42,2025-08-10T19:25:37,0.53,"Rain, Partially cloudy",Partly cloudy throughout the day with afternoon rain.,rain,"48647099999,48650099999,WMSA,MYI0000WMKK,MYI0000WMSA,WMKK"
Malaysia,2025-08-11,89.2,75,81.8,97.7,75,85.7,73.1,76.2,0.097,100,4.17,rain,0,0,21.3,8.8,326.3,1010.4,42.6,6,116.4,10.2,4,30,2025-08-11T07:11:37,2025-08-11T19:25:23,0.57,"Rain, Partially cloudy",Partly cloudy throughout the day with morning rain.,rain,"48647099999,48650099999,WMSA,MYI0000WMKK,MYI0000WMSA,WMKK"
Malaysia,2025-08-12,92.7,78.5,84.7,100.1,78.5,90.2,73.2,69.7,0,0,0,,0,0,18.3,6.5,289.2,1009.2,43.5,6.1,221.2,19.1,9,10,2025-08-12T07:11:31,2025-08-12T19:25:08,0.6,Partially cloudy,Partly cloudy throughout the day.,partly-cloudy-day,"48647099999,48650099999,WMSA,MYI0000WMKK,MYI0000WMSA,WMKK"
Malaysia,2025-08-13,91,80.2,84.3,100.8,84.5,91.4,74.2,72.6,0,0,0,,0,0,13.2,6.9,203.6,1010.1,40.5,6.2,122,10.6,4,30,2025-08-13T07:11:25,2025-08-13T19:24:53,0.64,Partially cloudy,Partly cloudy throughout the day.,partly-cloudy-day,"48647099999,48650099999,WMSA,MYI0000WMKK,MYI0000WMSA,WMKK"
Malaysia,2025-08-14,90.7,76,80.8,101.3,76,85,74.5,82,0.007,100,4.17,rain,0,0,15.7,5.5,95.7,1009.7,41.1,5.8,222.7,19.2,8,60,2025-08-14T07:11:19,2025-08-14T19:24:37,0.67,"Rain, Partially cloudy",Partly cloudy throughout the day with morning rain.,rain,"48647099999,48650099999,WMSA,MYI0000WMKK,MYI0000WMSA,WMKK"
Malaysia,2025-08-15,92.6,73.8,82.2,99.9,73.8,85.7,72.9,75.1,1.956,100,4.17,rain,0,0,18.3,9.6,262.7,1008.6,40.4,6.1,168.1,14.5,8,30,2025-08-15T07:11:12,2025-08-15T19:24:21,0.71,"Rain, Partially cloudy",Partly cloudy throughout the day with morning rain.,rain,"48647099999,48650099999,WMSA,MYI0000WMKK,MYI0000WMSA,WMKK"
Malaysia,2025-08-16,92.5,74.4,82.8,98.6,74.4,87.4,72.4,72.6,0.406,100,8.33,rain,0,0,33.3,8.4,162.7,1008,41.7,5.9,226.3,19.6,8,30,2025-08-16T07:11:05,2025-08-16T19:24:04,0.75,"Rain, Partially cloudy",Partly cloudy throughout the day with rain clearing later.,rain,"48647099999,48650099999,WMSA,MYI0000WMKK,MYI0000WMSA,WMKK"
Malaysia,2025-08-17,91.2,77.9,83.7,99.8,77.9,89.3,73.2,71.7,0,0,0,rain,0,0,32.2,15.4,202.6,1008.9,41.2,6,206.4,17.8,7,30,2025-08-17T07:10:57,2025-08-17T19:23:47,0.78,Partially cloudy,Partly cloudy throughout the day.,partly-cloudy-day,"48647099999,48650099999,WMSA,MYI0000WMKK,MYI0000WMSA,WMKK"
Malaysia,2025-08-18,92.8,78.8,85.1,102.2,78.8,90.6,73.1,69,0,0,0,rain,0,0,17,10.8,196,1010,40.4,6.2,232.6,20.1,8,30,2025-08-18T07:10:48,2025-08-18T19:23:29,0.82,Partially cloudy,Partly cloudy throughout the day.,partly-cloudy-day,"48647099999,48650099999,WMSA,MYI0000WMKK,MYI0000WMSA,WMKK"
Malaysia,2025-08-19,92.5,76.9,83.5,102.5,76.9,88.8,72.9,71.2,0,0,0,rain,0,0,13,9.4,278.3,1010.4,40.8,6.1,262.4,22.7,9,30,2025-08-19T07:10:39,2025-08-19T19:23:10,0.85,Partially cloudy,Partly cloudy throughout the day.,partly-cloudy-day,"48647099999,48650099999,WMSA,MYI0000WMKK,MYI0000WMSA,WMKK"
Malaysia,2025-08-20,90.9,76.8,83.2,100,76.8,88.3,73.2,72.7,0,0,0,rain,0,0,23,9.4,277.8,1010.1,40.7,5.8,239.7,20.7,9,30,2025-08-20T07:10:30,2025-08-20T19:22:51,0.89,Partially cloudy,Partly cloudy throughout the day.,partly-cloudy-day,"48647099999,48650099999,WMSA,MYI0000WMKK,MYI0000WMSA,WMKK"
Malaysia,2025-08-21,87.4,76.8,81.3,95.4,76.8,85.4,73.3,77.5,0.087,100,4.17,rain,0,0,15.4,7.6,239.3,1011.2,41.3,5.6,134.6,11.7,5,30,2025-08-21T07:10:20,2025-08-21T19:22:32,0.93,"Rain, Partially cloudy",Partly cloudy throughout the day with morning rain.,rain,"48647099999,48650099999,WMSA,MYI0000WMKK,MYI0000WMSA,WMKK"
Malaysia,2025-08-22,94.4,76.6,85.1,97.3,76.6,88.2,70.9,65.7,0.045,100,4.17,rain,0,0,20.4,7.7,244,1009.8,39.4,6.1,284,24.6,9,30,2025-08-22T07:10:10,2025-08-22T19:22:12,0.96,"Rain, Partially cloudy",Partly cloudy throughout the day with morning rain.,rain,"48647099999,48650099999,WMSA,MYI0000WMKK,MYI0000WMSA,WMKK"
Malaysia,2025-08-23,94.4,78.6,85.8,101.1,78.6,90,70.5,61.9,0,0,0,,0,0,15.9,8.6,313.3,1009.7,40.6,6.2,269.7,23,9,30,2025-08-23T07:09:59,2025-08-23T19:21:51,0,Partially cloudy,Partly cloudy throughout the day.,partly-cloudy-day,"48647099999,48650099999,WMSA,MYI0000WMKK,MYI0000WMSA,WMKK"
Malaysia,2025-08-24,90.6,77,82.9,97.9,77,87.3,73.7,74.9,0.005,100,4.17,rain,0,0,23.3,7.4,313.5,1010.3,38.9,6.1,238.1,20.6,9,30,2025-08-24T07:09:48,2025-08-24T19:21:31,0.03,"Rain, Partially cloudy",Partly cloudy throughout the day with early morning rain.,rain,"48647099999,48650099999,WMSA,MYI0000WMKK,MYI0000WMSA,WMKK"
Malaysia,2025-08-25,92.7,75.7,84.2,100,75.7,88.7,72.1,68.3,0.048,100,25,rain,0,0,18.1,20.7,232,1010,37.8,6,220.5,19.1,8,30,2025-08-25T07:09:37,2025-08-25T19:21:09,0.06,"Rain, Partially cloudy",Partly cloudy throughout the day with rain in the morning and afternoon.,rain,"48647099999,48650099999,WMSA,MYI0000WMKK,MYI0000WMSA,WMKK"
Malaysia,2025-08-26,92.6,75.4,83.3,102,75.4,88,73.1,73.2,0.016,100,8.33,rain,0,0,17.4,7.7,201.8,1009.8,36,6.2,196.3,17,8,30,2025-08-26T07:09:25,2025-08-26T19:20:47,0.09,"Rain, Partially cloudy",Partly cloudy throughout the day with rain clearing later.,rain,"WMSA,MYI0000WMKK,MYI0000WMSA,WMKK"
Malaysia,2025-08-27,90.9,80,83.9,102,80,91,75.2,75.9,0.123,100,20.83,rain,0,0,20.1,9.8,190.3,1009.5,35.8,5.9,211.4,18.2,8,60,2025-08-27T07:09:13,2025-08-27T19:20:25,0.13,"Rain, Partially cloudy",Partly cloudy throughout the day with rain in the morning and afternoon.,rain,"WMSA,MYI0000WMKK,MYI0000WMSA,WMKK"
Malaysia,2025-08-28,90.7,73,81,99.6,73,85.2,73.4,78.8,0.315,100,37.5,rain,0,0,23,14,291.8,1010.9,36.2,5.6,199.2,17.2,7,10,2025-08-28T07:09:00,2025-08-28T19:20:03,0.16,"Rain, Partially cloudy",Partly cloudy throughout the day with a chance of rain throughout the day.,rain,"WMSA,MYI0000WMKK,MYI0000WMSA,WMKK"
Malaysia,2025-08-29,90.8,78.4,82.9,100,78.4,87.8,74.3,76.4,0.268,100,25,rain,0,0,20.4,8.6,281,1010.8,36.6,6.1,224.2,19.3,8,30,2025-08-29T07:08:47,2025-08-29T19:19:40,0.19,"Rain, Partially cloudy",Partly cloudy throughout the day with rain.,rain,"WMSA,MYI0000WMKK,MYI0000WMSA,WMKK"
Malaysia,2025-08-30,92.5,76.8,83.7,100.6,76.8,89,74.1,74.3,0.036,100,29.17,rain,0,0,21,7.5,279.6,1010.2,29.1,6.1,198.2,17.2,8,30,2025-08-30T07:08:34,2025-08-30T19:19:17,0.22,"Rain, Partially cloudy",Partly cloudy throughout the day with a chance of rain throughout the day.,rain,"WMSA,MYI0000WMKK,MYI0000WMSA,WMKK"
Malaysia,2025-08-31,90.7,78.3,84.3,101.6,78.3,91.7,74.9,74.2,0.028,100,25,rain,0,0,23.9,7.4,245.8,1008.9,27,6.1,235.4,20.4,8,10,2025-08-31T07:08:21,2025-08-31T19:18:53,0.25,"Rain, Partially cloudy",Partly cloudy throughout the day with rain in the morning and afternoon.,rain,"WMSA,WMKK"
Malaysia,2025-09-01,89.1,77.5,82.5,99.5,77.5,88.8,75.5,80,0.241,100,50,rain,0,0,17.9,10.5,148,1008.3,26.2,6.1,146.1,12.6,6,30,2025-09-01T07:08:07,2025-09-01T19:18:29,0.29,"Rain, Partially cloudy",Partly cloudy throughout the day with rain in the morning and afternoon.,rain,"WMSA,WMKK"
Malaysia,2025-09-02,88.9,74.7,81.4,97.2,74.7,85.9,74.3,80.1,1.112,100,66.67,rain,0,0,18.6,7.7,205.2,1009.1,27.7,6,183.4,15.9,8,30,2025-09-02T07:07:53,2025-09-02T19:18:05,0.32,"Rain, Partially cloudy",Partly cloudy throughout the day with a chance of rain throughout the day.,rain,"WMSA,WMKK,MYI0000WMSA"
Malaysia,2025-09-03,89,78.2,82.6,99.6,78.2,88,74.8,77.9,0.104,100,58.33,rain,0,0,13.2,10.3,186.5,1009.6,36.2,6,128.9,10.9,5,30,2025-09-03T07:07:38,2025-09-03T19:17:40,0.35,"Rain, Partially cloudy",Partly cloudy throughout the day with a chance of rain throughout the day.,rain,"WMSA,MYI0000WMKK,WMKK,MYI0000WMSA"
Malaysia,2025-09-04,88.9,75.5,79.6,97.5,75.5,82.2,73.7,82.7,0.052,100,33.33,rain,0,0,16.6,10.7,238.8,1009.6,36.9,5.9,213.5,18.6,8,30,2025-09-04T07:07:24,2025-09-04T19:17:15,0.38,"Rain, Partially cloudy",Partly cloudy throughout the day with rain.,rain,"WMSA,MYI0000WMKK,WMKK,MYI0000WMSA"
Malaysia,2025-09-05,90.8,75.2,82.1,101.8,75.2,86.9,73.9,77.4,0.076,100,45.83,rain,0,0,16.3,8.6,313.2,1009.8,36.8,6.2,177,15.3,6,30,2025-09-05T07:07:09,2025-09-05T19:16:50,0.42,"Rain, Partially cloudy",Partly cloudy throughout the day with a chance of rain throughout the day.,rain,"WMSA,MYI0000WMKK,MYI0000WMSA,WMKK"
Malaysia,2025-09-06,91.1,78.6,84.6,99.8,78.6,90.6,74,72,0.197,100,12.5,rain,0,0,17.9,9.6,206.6,1009.4,36.7,6.2,220.4,19,8,30,2025-09-06T07:06:54,2025-09-06T19:16:25,0.45,"Rain, Partially cloudy",Partly cloudy throughout the day with afternoon rain.,rain,"WMSA,MYI0000WMKK,MYI0000WMSA,WMKK"
Malaysia,2025-09-07,90.8,78.4,84.3,99.6,78.4,90.3,73.5,70.6,0.5,100,62.5,rain,0,0,19.9,12.4,183.6,1009.5,36.3,6.2,160.2,13.9,6,10,2025-09-07T07:06:39,2025-09-07T19:15:59,0.48,"Rain, Partially cloudy",Partly cloudy throughout the day with a chance of rain throughout the day.,rain,"WMSA,MYI0000WMKK,MYI0000WMSA,WMKK"
Malaysia,2025-09-08,92.8,78.6,85.5,102.4,78.6,92.5,73.9,69.5,0.197,100,29.17,rain,0,0,17.9,12.1,189.5,1009.1,38.9,6.2,249.9,21.6,9,10,2025-09-08T07:06:23,2025-09-08T19:15:34,0.5,"Rain, Partially cloudy",Partly cloudy throughout the day with rain.,rain,"WMSA,MYI0000WMKK,MYI0000WMSA,WMKK"
Malaysia,2025-09-09,89.4,73.1,81.3,93.3,73.1,84.3,71.4,73.9,0.229,100,50,rain,0,0,14.1,10,187.1,1011.2,34.6,5.9,146.3,12.8,5,10,2025-09-09T07:06:08,2025-09-09T19:15:08,0.55,"Rain, Partially cloudy",Partly cloudy throughout the day with a chance of rain throughout the day.,rain,"WMSA,MYI0000WMKK,MYI0000WMSA,WMKK"
Malaysia,2025-09-10,89.3,76.8,81.8,97.8,76.8,86.1,74.3,78.7,0.248,100,29.17,rain,0,0,13.9,11.9,288.3,1010.2,36.9,6,255.9,22,9,60,2025-09-10T07:05:52,2025-09-10T19:14:42,0.59,"Rain, Partially cloudy",Partly cloudy throughout the day with rain.,rain,"WMSA,MYI0000WMKK,MYI0000WMSA,WMKK"
Malaysia,2025-09-11,87.2,76.6,80.3,98.4,76.6,84.8,75.8,86.6,0.488,100,66.67,rain,0,0,17,9.5,313.1,1009.9,37.2,5.7,199.7,17.2,8,30,2025-09-11T07:05:36,2025-09-11T19:14:16,0.62,"Rain, Partially cloudy",Partly cloudy throughout the day with a chance of rain throughout the day.,rain,"WMSA,MYI0000WMKK,MYI0000WMSA,WMKK"
Malaysia,2025-09-12,84,75,78.9,91.9,75,81.4,74,85.4,0.969,100,79.17,rain,0,0,17.9,12.1,301.6,1010.9,37,6,58.4,5,2,30,2025-09-12T07:05:20,2025-09-12T19:13:49,0.66,"Rain, Partially cloudy",Partly cloudy throughout the day with a chance of rain throughout the day.,rain,"WMSA,MYI0000WMKK,MYI0000WMSA,WMKK"
Malaysia,2025-09-13,84.7,76.8,80.2,91.7,76.8,83.3,74.6,83.4,0.136,100,50,rain,0,0,15.2,5.2,276.4,1011.1,37.2,6,127,11.1,6,10,2025-09-13T07:05:04,2025-09-13T19:13:23,0.69,"Rain, Partially cloudy",Partly cloudy throughout the day with rain.,rain,"WMSA,MYI0000WMKK,MYI0000WMSA,WMKK"
Malaysia,2025-09-14,89,76.8,81.9,99.4,76.8,86.6,75.1,80.8,0.202,100,50,rain,0,0,18.8,6.5,318.1,1010.5,38.6,5.7,197.1,17,7,30,2025-09-14T07:04:48,2025-09-14T19:12:57,0.75,"Rain, Partially cloudy",Partly cloudy throughout the day with a chance of rain throughout the day.,rain,"WMSA,MYI0000WMKK,MYI0000WMSA,WMKK"
Malaysia,2025-09-15,89.4,75,81.9,97.9,75,85.6,73,76.2,0.441,100,58.33,rain,0,0,21.4,10.8,255.8,1011.1,38.7,5.8,210.6,18.3,8,30,2025-09-15T07:04:32,2025-09-15T19:12:30,0.76,"Rain, Partially cloudy",Partly cloudy throughout the day with a chance of rain throughout the day.,rain,"WMSA,MYI0000WMKK,MYI0000WMSA,WMKK"
Malaysia,2025-09-16,90.9,71.6,82.4,100,71.6,87.1,72.4,73.7,0.08,100,41.67,rain,0,0,27.7,14.1,218,1010.3,36.3,6,202.2,17.5,8,30,2025-09-16T07:04:15,2025-09-16T19:12:03,0.8,"Rain, Partially cloudy",Partly cloudy throughout the day with a chance of rain throughout the day.,rain,"WMSA,MYI0000WMKK,WMKK,MYI0000WMSA"
Malaysia,2025-09-17,85.4,74.8,80.1,92.4,74.8,84,73.7,81.6,0.142,100,45.83,rain,0,0,12.1,10.8,251,1010.6,37.6,5.8,108.1,9.3,4,10,2025-09-17T07:03:59,2025-09-17T19:11:37,0.83,"Rain, Partially cloudy",Partly cloudy throughout the day with a chance of rain throughout the day.,rain,"WMSA,MYI0000WMKK,MYI0000WMSA,WMKK"
Malaysia,2025-09-18,92.7,76.9,84,101.8,76.9,89,73.8,72.9,0.088,100,33.33,rain,0,0,15.4,8.7,211.2,1009.4,39.2,6.1,232.5,20.2,8,30,2025-09-18T07:03:43,2025-09-18T19:11:10,0.87,"Rain, Partially cloudy",Partly cloudy throughout the day with a chance of rain throughout the day.,rain,"WMSA,MYI0000WMKK,MYI0000WMSA,WMKK"
Malaysia,2025-09-19,91.1,78.4,83.7,101.7,78.4,89.7,74.3,74.2,0.02,100,20.83,rain,0,0,15.2,6.6,221.2,1010.2,35.1,6.1,226,19.5,9,30,2025-09-19T07:03:27,2025-09-19T19:10:44,0.91,"Rain, Partially cloudy",Partly cloudy throughout the day with rain.,rain,"WMSA,MYI0000WMKK,MYI0000WMSA,WMKK"
Malaysia,2025-09-20,91.2,78.6,83.2,102.4,78.6,89.1,75,77.2,0.469,100,62.5,rain,0,0,14.8,8.5,280,1009.9,36,6.1,235.4,20.2,9,30,2025-09-20T07:03:10,2025-09-20T19:10:17,0.94,"Rain, Partially cloudy",Partly cloudy throughout the day with a chance of rain throughout the day.,rain,"WMSA,MYI0000WMKK,MYI0000WMSA,WMKK"
Malaysia,2025-09-21,92.6,78.5,84.5,104.5,78.5,92.5,75.8,76,0.064,100,37.5,rain,0,0,13.4,9.7,263.2,1009.6,37,5.7,256,22.2,9,60,2025-09-21T07:02:54,2025-09-21T19:09:51,0.98,"Rain, Partially cloudy",Partly cloudy throughout the day with rain.,rain,"WMSA,MYI0000WMKK,MYI0000WMSA,WMKK"
Malaysia,2025-09-22,91.2,77.5,82.6,104.6,77.5,88.1,74.5,77.3,0.206,100,54.17,rain,0,0,15,9.7,257.1,1010,38.4,6,229,19.7,8,30,2025-09-22T07:02:38,2025-09-22T19:09:24,0,"Rain, Partially cloudy",Partly cloudy throughout the day with rain.,rain,"WMSA,MYI0000WMKK,MYI0000WMSA,WMKK"
Malaysia,2025-09-23,92.9,78.2,83.4,104.5,78.2,89.3,74.9,76.4,0.072,100,33.33,rain,0,0,14.5,10.8,256.9,1010.2,35.7,5.8,248,21.7,8,30,2025-09-23T07:02:22,2025-09-23T19:08:58,0.04,"Rain, Partially cloudy",Partly cloudy throughout the day with rain.,rain,"WMSA,MYI0000WMKK,MYI0000WMSA,WMKK"
Malaysia,2025-09-24,94.3,78.6,85.4,104.6,78.6,92.1,74.6,71.9,0.016,100,4.17,rain,0,0,19.9,10.4,320.5,1009,35.5,6.1,258.3,22.1,9,60,2025-09-24T07:02:06,2025-09-24T19:08:32,0.08,"Rain, Partially cloudy",Partly cloudy throughout the day with afternoon rain.,rain,"WMSA,MYI0000WMKK,MYI0000WMSA,WMKK"
Malaysia,2025-09-25,91.7,80,83.8,101.2,80,91.1,75,75.7,0.032,100,8.33,rain,0,0,18.8,8.5,250.9,1009.3,36.3,6.1,238.8,20.7,10,10,2025-09-25T07:01:51,2025-09-25T19:08:06,0.11,"Rain, Partially cloudy",Partly cloudy throughout the day with afternoon rain.,rain,"WMSA,MYI0000WMKK,MYI0000WMSA,WMKK"
Malaysia,2025-09-26,94.3,78.5,84.8,103.9,78.5,91.8,74.5,72.6,0.654,100,41.67,rain,0,0,16.1,7.7,166.4,1009.4,27,5.9,251.4,21.8,9,30,2025-09-26T07:01:35,2025-09-26T19:07:40,0.14,"Rain, Partially cloudy",Partly cloudy throughout the day with rain.,rain,"WMSA,MYI0000WMKK,MYI0000WMSA,WMKK"
Malaysia,2025-09-27,89.1,80.3,82.9,103.3,85.3,90.7,75.9,79.7,0.51,100,70.83,rain,0,0,17.4,9.6,282.2,1010,25.6,5.8,179.2,15.7,6,30,2025-09-27T07:01:20,2025-09-27T19:07:15,0.17,"Rain, Partially cloudy",Partly cloudy throughout the day with a chance of rain throughout the day.,rain,"WMSA,WMKK"
Malaysia,2025-09-28,83.7,74.7,79.1,90,74.7,81.4,74.1,85.3,0.216,100,58.33,rain,0,0,14.3,6.5,307.4,1010.4,25.6,5.8,113.7,9.9,4,10,2025-09-28T07:01:04,2025-09-28T19:06:49,0.21,"Rain, Partially cloudy",Partly cloudy throughout the day with a chance of rain throughout the day.,rain,"WMSA,WMKK"
Malaysia,2025-09-29,90.9,78.3,83.2,99.6,78.3,88.5,74.1,75,0.139,100,33.33,rain,0,0,19.7,9.6,229.8,1009.5,25.5,6.1,214.3,18.5,7,30,2025-09-29T07:00:49,2025-09-29T19:06:24,0.24,"Rain, Partially cloudy",Partly cloudy throughout the day with rain.,rain,"WMSA,WMKK"
Malaysia,2025-09-30,92.5,79.9,85.3,101.8,79.9,91.4,73.1,68.1,0.051,100,16.67,rain,0,0,14.5,9.8,152.1,1009.2,25.4,6.2,257.8,22.1,9,30,2025-09-30T07:00:35,2025-09-30T19:05:59,0.25,"Rain, Partially cloudy",Partly cloudy throughout the day with rain.,rain,"WMSA,WMKK"
Malaysia,2025-10-01,83.9,75.1,80.4,92.8,75.1,84.6,73.6,80,0.961,100,45.83,rain,0,0,14.8,14.6,123.6,1010,26.2,6.1,225.2,19.5,8,30,2025-10-01T07:00:20,2025-10-01T19:05:34,0.3,"Rain, Partially cloudy",Partly cloudy throughout the day with rain.,rain,"WMSA,WMKK"
Malaysia,2025-10-02,92.3,73.1,80.7,101.8,73.1,84.3,73.5,80.4,0.87,100,54.17,rain,0,0,15.4,7.7,296.1,1010.4,25.6,6,235.8,20.2,10,30,2025-10-02T07:00:06,2025-10-02T19:05:10,0.34,"Rain, Partially cloudy",Partly cloudy throughout the day with rain.,rain,"WMSA,WMKK"
Malaysia,2025-10-03,80.7,75.3,78.4,86.1,75.3,79.9,74.4,87.8,1.336,100,83.33,rain,0,0,19.2,6.5,305.3,1012.2,26,5.8,197.5,16.9,8,30,2025-10-03T06:59:52,2025-10-03T19:04:46,0.37,"Rain, Partially cloudy",Partly cloudy throughout the day with a chance of rain throughout the day.,rain,"WMSA,WMKK"
Malaysia,2025-10-04,92.7,76.7,82.9,100.4,76.7,87.2,73.2,74.5,0.068,100,29.17,rain,0,0,15.2,7.4,287.9,1011.7,25.7,6.2,240,20.7,9,30,2025-10-04T06:59:38,2025-10-04T19:04:22,0.4,"Rain, Partially cloudy",Partly cloudy throughout the day with rain clearing later.,rain,"WMSA,WMKK"
Malaysia,2025-10-05,92.1,78.3,83.7,101.6,78.3,89.3,74.1,73.8,0.41,100,20.83,rain,0,0,17,9.6,313.1,1011.7,25.7,6,245.6,21.1,9,60,2025-10-05T06:59:25,2025-10-05T19:03:59,0.44,"Rain, Partially cloudy",Partly cloudy throughout the day with afternoon rain.,rain,"WMSA,WMKK"
Malaysia,2025-10-06,89.3,76.9,80.7,100,76.9,84.5,74.9,83.2,0.123,100,41.67,rain,0,0,8.5,8.8,344,1011.4,27.4,6.1,262.5,22.8,10,60,2025-10-06T06:59:12,2025-10-06T19:03:36,0.47,"Rain, Partially cloudy",Partly cloudy throughout the day with rain.,rain,"WMSA,WMKK"
Malaysia,2025-10-07,89.5,74.9,82.5,98,74.9,86.9,73,74.3,0.3,100,29.17,rain,0,0,8.3,10.8,267.4,1012.4,27.8,6.1,252,21.9,10,30,2025-10-07T06:58:59,2025-10-07T19:03:14,0.5,"Rain, Partially cloudy",Partly cloudy throughout the day with rain clearing later.,rain,"WMSA,WMKK"
Malaysia,2025-10-08,92.7,78.3,84.6,102.1,78.3,89.6,73.1,70.2,0.083,100,25,rain,0,0,7.4,8.8,274,1011.4,25.7,6.1,263.9,22.9,10,60,2025-10-08T06:58:47,2025-10-08T19:02:51,0.54,"Rain, Partially cloudy",Partly cloudy throughout the day with a chance of rain throughout the day.,rain,"WMSA,WMKK"
Malaysia,2025-10-09,92.9,75.1,84.1,100.4,75.1,90.1,73.5,71.8,0.107,100,25,rain,0,0,10.3,13.6,305.6,1011,25.7,6,237.3,20.4,10,30,2025-10-09T06:58:35,2025-10-09T19:02:30,0.57,"Rain, Partially cloudy",Partly cloudy throughout the day with rain.,rain,"WMSA,WMKK"
Malaysia,2025-10-10,92.9,78.3,84,102.4,78.3,88.9,72.7,70.2,0.161,100,29.17,rain,0,0,13,9.9,300.6,1010.2,27.2,6.2,259.4,22.6,9,30,2025-10-10T06:58:24,2025-10-10T19:02:09,0.6,"Rain, Partially cloudy",Partly cloudy throughout the day with rain.,rain,"WMSA,WMKK"
Malaysia,2025-10-11,91.1,78.5,84,101.9,78.5,90,74.3,73.7,0.286,100,41.67,rain,0,0,5.6,9.5,295.9,1009.6,31.3,6.4,274.5,23.6,9,30,2025-10-11T06:58:13,2025-10-11T19:01:48,0.64,"Rain, Partially cloudy",Becoming cloudy in the afternoon with rain.,rain,"WMSA,remote,WMKK"
Malaysia,2025-10-12,88.7,74.2,79.7,97.1,74.2,82.3,73.7,82.5,0.593,100,79.17,rain,0,0,5.8,13.1,273.9,1010.1,35.4,7.6,247,21.4,9,30,2025-10-12T06:58:02,2025-10-12T19:01:28,0.67,"Rain, Partially cloudy",Partly cloudy throughout the day with storms possible.,rain,"WMSA,WMKK"
